// ================================================================
// fz_icons.h -- Flipper Zero Operasyon Ikonlari
// Kaynak : flipperdevices/flipperzero-firmware assets/icons/
// Format : SSD1306 drawBitmap() uyumlu, MSB-first, 1bpp, PROGMEM
// Made by Beroxx -- M5Sharkino v2
// ================================================================
#pragma once
#include <pgmspace.h>

// ---- Tekli Ikonlar ----
static const uint8_t FZI_DolphinDone[580] PROGMEM = {
  0xFF,0xFF,0xFF,0xFF,0xFF,0x00,0x07,0xFF,0xFF,0xFF,0xFF,0xFF,0xFF,0xFF,0xFC,0xFF,
  0xF8,0xFF,0xFF,0xFF,0xFF,0xFF,0xFF,0xFF,0xF3,0xFF,0xFF,0x3F,0xFF,0xFF,0xFF,0xFF,
  0xFF,0xFF,0xCF,0xFF,0xFF,0xDF,0xFF,0xFF,0xFF,0xFF,0xFF,0xFF,0xBF,0xFF,0xFF,0xE7,
  0xFF,0xFF,0xFF,0xFF,0xFF,0xFF,0x7F,0xFF,0xFF,0xFB,0xFF,0xFF,0xFF,0xFF,0xFF,0xFE,
  0xFF,0xFF,0xFF,0xFD,0xFF,0xFF,0xFF,0xFF,0xFF,0xFD,0xFF,0xFF,0xFF,0xFE,0xFF,0xFF,
  0xFF,0xFF,0xFF,0xFB,0xFF,0xFF,0xFF,0xFF,0x7F,0xFF,0xFF,0xFF,0xFF,0xFB,0xFF,0xFF,
  0xFF,0xFF,0x7F,0xFF,0xFF,0xFF,0xFF,0xF7,0xFF,0xFF,0xFF,0xFF,0xBF,0xFF,0xFF,0xFF,
  0xFF,0xF7,0xFF,0xFF,0xFF,0xFF,0xBF,0xFF,0xFF,0xFF,0xFF,0xEF,0xFF,0xFF,0xC1,0xFF,
  0xDF,0xFF,0xFF,0xFF,0xFF,0xEF,0xFF,0xFF,0x3E,0x7F,0xDF,0xFF,0xFF,0xFF,0xF0,0x2F,
  0xFF,0xFE,0xFF,0xBF,0xEF,0xFF,0xFF,0xFF,0xCF,0xCF,0xFF,0xFD,0xC0,0xDF,0xEF,0xFF,
  0xFF,0xFF,0xBF,0xF3,0xFF,0xFD,0xB0,0x5F,0xF7,0xFF,0xFF,0xFF,0xBF,0xFC,0xFF,0xFB,
  0x78,0x2F,0xF7,0xFF,0xFF,0xFF,0x7F,0xFF,0x3F,0xFB,0x78,0x2F,0xF7,0xFF,0xFF,0xFF,
  0x7F,0xFF,0xCF,0xFB,0x30,0x2F,0xF7,0xFF,0xFF,0xFF,0x60,0xFF,0xF3,0xFB,0x00,0x2F,
  0xF7,0xFF,0xFF,0xFF,0x5F,0x3F,0xFC,0xFA,0x00,0x2F,0xF7,0xFF,0xFF,0xFF,0x3F,0xCF,
  0xFF,0xF9,0xE0,0x1F,0xFB,0xFF,0xFF,0xFF,0xBF,0xF7,0xFF,0xF7,0xF8,0x5F,0xFB,0xFF,
  0xFF,0xFF,0xBF,0xF9,0xFF,0xFF,0xFC,0xBF,0xFB,0xFF,0xFF,0x8F,0xDF,0xFE,0xFF,0xFF,
  0xFE,0x7F,0xFB,0xFF,0xFF,0x77,0xDF,0xFF,0x3F,0xFF,0xFE,0xFF,0xFB,0xFF,0xFF,0x77,
  0xEF,0xFF,0xDF,0xFF,0x7F,0xFF,0xFB,0xFF,0xFE,0xF7,0xF7,0xFF,0xE7,0xFF,0x7F,0xFF,
  0xFB,0xFF,0xFE,0xF7,0xFB,0xFF,0xFB,0xFE,0xFF,0xFF,0xFB,0xFF,0xE0,0xF7,0xFC,0xFF,
  0xFC,0xFD,0xFF,0xFF,0xFB,0xFF,0xDF,0x77,0xFE,0x7F,0xFF,0x03,0xFF,0xFF,0xFB,0xFF,
  0xBF,0xB7,0xFF,0x3F,0xFF,0xFF,0xFF,0xFF,0xFB,0xFF,0xBF,0xB7,0xFF,0x0F,0xFF,0xFF,
  0xFF,0xFF,0xFB,0xFF,0x7F,0xB7,0xFF,0x07,0xFF,0xFF,0xFF,0xFF,0xF7,0xFF,0x7F,0xB7,
  0xFE,0x01,0xFF,0xFF,0xFF,0xFF,0xF7,0xFF,0x7F,0xBB,0xFD,0x40,0x3F,0xC7,0xFF,0xFF,
  0xF7,0xFF,0x7F,0x7D,0xF3,0x40,0x03,0xBB,0xFF,0xFF,0xF3,0xFF,0x7F,0x7E,0xCF,0x60,
  0x0F,0xBB,0xFF,0xFF,0xF1,0xFF,0xBE,0xFF,0x3F,0x70,0x7F,0x7B,0xFF,0xFF,0xF4,0xFF,
  0x9D,0xFF,0xBF,0x7F,0xFF,0x7B,0xFF,0xFF,0xF2,0x7F,0xC3,0xFF,0xFF,0x7F,0xF0,0x7B,
  0xFF,0xFF,0xF5,0x3F,0xEF,0xFF,0xFE,0xFF,0xEF,0xBB,0xFF,0xFF,0xFA,0xBF,0xEF,0xFF,
  0xFE,0xFF,0xDF,0xFD,0xFF,0xFF,0xF9,0x5F,0xF7,0xFF,0xFE,0xFF,0xDF,0xFD,0xFF,0xFF,
  0xF8,0x9F,0xF7,0xFF,0xFE,0xFF,0xBF,0xFE,0x7F,0xFF,0xFD,0x4F,0xFB,0xFF,0xBA,0xFF,
  0xBF,0xFF,0x9F,0xFF,0xFC,0xAF,0xFD,0xFF,0xFE,0xFF,0xBF,0xFF,0xE7,0xFF,0xFE,0x57,
  0xFE,0xAE,0xAA,0xFF,0xBF,0xFF,0xF8,0xFF,0xFE,0xA7,0xFF,0x7F,0xFE,0xFF,0xBF,0xFF,
  0xFF,0x1F,0xFF,0x53,0xFF,0xAA,0xAA,0xFF,0xDF,0xFF,0xFF,0xE7,0xFF,0x2B,0xFF,0xD5,
  0xF4,0xFF,0xEF,0xFF,0xFF,0xFB,0xFF,0x55,0xFF,0xEA,0xAA,0xFF,0xF3,0xFF,0xFF,0xFF,
  0xFF,0x29,0xFF,0xF1,0x55,0x7F,0xFC,0xFF,0xFF,0xFF,0xFF,0x94,0xFF,0xFC,0xAA,0x7F,
  0xFE,0x7F,0xFF,0xFF,0xFF,0xAA,0xFF,0xFF,0x00,0x7F,0xFE,0x3F,0xFF,0xFF,0xFF,0x94,
  0xFF,0xFF,0xFF,0x7F,0xFE,0x0F,0xFF,0xFF,0xFF,0xAA,0xFF,0xFF,0xFF,0x7F,0xFF,0x03,
  0xFF,0xFF,0xFF,0x94
};
#define FZI_DolphinDone_W 80
#define FZI_DolphinDone_H 58

static const uint8_t FZI_DolphinReadOK[504] PROGMEM = {
  0xFF,0xFF,0xFF,0xFF,0xFD,0xFF,0xFF,0xE0,0xFF,0xFF,0xFF,0xFF,0xFD,0xFF,0xFF,0xE0,
  0xFF,0xFF,0xFF,0xFF,0xFB,0xFF,0xFF,0xE0,0xFF,0xFE,0x00,0x0F,0xFB,0xFD,0xFF,0xE0,
  0xFF,0xF1,0xFF,0xF1,0xF7,0xFB,0xFF,0xE0,0xFF,0xCF,0xFF,0xFE,0x77,0xF7,0xFF,0xE0,
  0xFF,0x3F,0xFF,0xFF,0xBF,0xEF,0xFF,0xE0,0xFE,0xFF,0xFF,0xFF,0xDF,0xDF,0xFF,0xE0,
  0xFD,0xFF,0xFF,0xFF,0xEF,0xBF,0xFF,0xE0,0xFB,0xFF,0xFF,0xFF,0xF7,0xFF,0xFF,0xE0,
  0xF7,0xFF,0xFF,0xFF,0xFB,0xFE,0x3F,0xE0,0xEF,0xFF,0xFF,0xFF,0xFD,0xF1,0xFF,0xE0,
  0xEF,0xFF,0xFF,0xFF,0xFD,0xFF,0xFF,0xE0,0xDF,0xFF,0xFF,0xFF,0xFE,0xFF,0xFF,0xE0,
  0xDF,0xFF,0x0F,0xFF,0xFE,0xFF,0x01,0xE0,0xBF,0xFC,0xF3,0xFF,0xFE,0xF8,0xFE,0xE0,
  0xBF,0xFB,0x81,0xFF,0xFF,0x67,0xFF,0x60,0x7F,0xF6,0x00,0xFF,0xFF,0x1F,0xFF,0xA0,
  0x7F,0xF6,0x30,0xFF,0xFF,0x7F,0xFF,0xA0,0x7F,0xEC,0x38,0x7F,0xFC,0xFF,0xF0,0xA0,
  0x7F,0xEC,0x38,0x7F,0xF3,0xFF,0xC0,0x20,0x7F,0xEC,0x00,0x7F,0xCF,0xFF,0x80,0x60,
  0xFF,0xEC,0x00,0x7F,0xBF,0xFF,0x00,0x60,0xFF,0xA6,0x00,0xFF,0xFF,0xFE,0x00,0xE0,
  0xFF,0x56,0x00,0xFF,0xFF,0xFC,0x01,0xE0,0xFE,0xAB,0x81,0xFF,0xFF,0xF8,0x03,0xE0,
  0xFF,0x54,0x01,0xFF,0xFF,0xF0,0x07,0xE0,0xFE,0xAA,0x7E,0x7F,0xFF,0xE0,0x0F,0xE0,
  0xFF,0x55,0xFF,0xBF,0xFF,0xC0,0x1F,0xE0,0xFE,0xAB,0xFF,0xFF,0xFF,0x80,0x3F,0xE0,
  0xFF,0x57,0xFF,0xFF,0xFF,0x00,0x7F,0xE0,0xFF,0xAF,0xFF,0xFF,0xFC,0x00,0xFF,0xE0,
  0xFF,0xFF,0xFF,0xFF,0xF0,0xE0,0x1F,0xE0,0xFF,0xFF,0xF7,0xFF,0xC3,0xF9,0x40,0xE0,
  0xFF,0xFF,0xFB,0xFF,0x07,0xFE,0x2A,0x20,0xFF,0xFF,0xFC,0xF8,0x07,0xFF,0x95,0x00,
  0xFF,0xFF,0xFF,0x00,0x03,0xFF,0xEA,0x00,0xFF,0xFF,0xFF,0xFF,0x80,0x00,0x01,0xC0,
  0xFF,0xFF,0xFF,0xFF,0xFF,0xFF,0xFF,0xA0,0xFF,0xFF,0xFF,0xFF,0xFF,0xFF,0xFF,0x60,
  0xFF,0xFF,0xFF,0xFF,0xFF,0xFF,0xFE,0xE0,0xFF,0xFF,0xFF,0xFF,0xFF,0xFF,0xF9,0xE0,
  0xFF,0xFF,0xFF,0xFF,0xFF,0xFF,0xC7,0xE0,0xFF,0xFF,0xFF,0xFF,0xFF,0xE0,0x3F,0xE0,
  0xFF,0xFF,0xFF,0xFF,0xE0,0x0F,0xFF,0xE0,0xFF,0xFF,0xFF,0xFC,0x00,0x0F,0xFF,0xE0,
  0xFF,0xFF,0xFF,0xFA,0x00,0x0F,0xFF,0xE0,0xFF,0xFF,0xFF,0xFD,0x00,0x0F,0xFF,0xE0,
  0xFF,0xFF,0xFF,0xFE,0x80,0x2F,0xFF,0xE0,0xFF,0xFF,0xFF,0xFF,0x55,0x57,0xFF,0xE0,
  0xFF,0xFF,0xFF,0xFF,0xAA,0xA7,0xFF,0xE0,0xFF,0xFF,0xFF,0xFF,0xD5,0x57,0xFF,0xE0,
  0xFF,0xFF,0xFF,0xFF,0xEA,0xAB,0xFF,0xE0,0xFF,0xFF,0xFF,0xFF,0xF5,0x7B,0xFF,0xE0,
  0xFF,0xFF,0xFF,0xFF,0xFF,0xFB,0xFF,0xE0,0xFF,0xFF,0xFF,0xFF,0xFF,0xFB,0xFF,0xE0,
  0xFF,0xFF,0xFF,0xFF,0xFF,0xFD,0xFF,0xE0,0xFF,0xFF,0xFF,0xFF,0xFF,0xFD,0xFF,0xE0,
  0xFF,0xFF,0xFF,0xFF,0xFF,0xFD,0xFF,0xE0,0xFF,0xFF,0xFF,0xFF,0xFF,0xFD,0xFF,0xE0,
  0xFF,0xFF,0xFF,0xFF,0xFF,0xFE,0xFF,0xE0,0xFF,0xFF,0xFF,0xFF,0xFF,0xFE,0xFF,0xE0,
  0xFF,0xFF,0xFF,0xFF,0xFF,0xFE,0xFF,0xE0
};
#define FZI_DolphinReadOK_W 59
#define FZI_DolphinReadOK_H 63

static const uint8_t FZI_DolphinSaved[696] PROGMEM = {
  0xFF,0xFF,0xFF,0xFF,0xFF,0xFF,0xF0,0x00,0x7F,0xFF,0xFF,0xF0,0xFF,0xFF,0xFF,0xFF,
  0xFF,0xFF,0xCF,0xFF,0x8F,0xFF,0xFF,0xF0,0xFF,0xFF,0xFF,0xFF,0xFF,0xFF,0x3F,0xFF,
  0xF3,0xFF,0xFF,0xF0,0xFF,0xFF,0xFF,0xFF,0xFF,0xFC,0xFF,0xFF,0xFD,0xFF,0xFF,0xF0,
  0xFF,0xFF,0xFF,0xFF,0xFF,0xFB,0xFF,0xFF,0xFE,0x7F,0xFF,0xF0,0xFF,0xFF,0xFF,0xFF,
  0xFF,0xF7,0xFF,0xFF,0xFF,0xBF,0xFF,0xF0,0xFF,0xFF,0xFF,0xFF,0xFF,0xEF,0xFF,0xFF,
  0xFF,0xDF,0xFF,0xF0,0xFF,0xFF,0xFF,0xFF,0xFF,0xDF,0xFF,0xFF,0xFF,0xEF,0xFF,0xF0,
  0xFF,0xFF,0xFF,0xFF,0xFF,0xBF,0xFF,0xFF,0xFF,0xF7,0xFF,0xF0,0xFF,0xFF,0xFF,0xFF,
  0xFF,0xBF,0xFF,0xFF,0xFF,0xF7,0xFF,0xF0,0xFF,0xFF,0xFF,0xFF,0xFF,0x7F,0xFF,0xFF,
  0xFF,0xFB,0xFF,0xF0,0xFF,0xFF,0xFF,0xFF,0xFF,0x7F,0xFF,0xFF,0xFF,0xFB,0xFF,0xF0,
  0xFF,0xFF,0xFF,0xFF,0xFE,0xFF,0xFF,0xFC,0x1F,0xFD,0xFF,0xF0,0xFF,0xFF,0xFF,0xFF,
  0xFE,0xFF,0xFF,0xF3,0xE7,0xFD,0xFF,0xF0,0xFF,0xFF,0xFF,0xFF,0x02,0xFF,0xFF,0xEF,
  0xFB,0xFE,0xFF,0xF0,0xFF,0xFF,0xFF,0xFC,0xFC,0xFF,0xFF,0xDC,0x0D,0xFE,0xFF,0xF0,
  0xFF,0xFF,0xFF,0xFB,0xFF,0x3F,0xFF,0xDB,0x05,0xFF,0x7F,0xF0,0xFF,0xFF,0xFF,0xFB,
  0xFF,0xCF,0xFF,0xB7,0x82,0xFF,0x7F,0xF0,0xFF,0xFF,0xFF,0xF7,0xFF,0xF3,0xFF,0xB7,
  0x82,0xFF,0x7F,0xF0,0xFF,0xFF,0xFF,0xF7,0xFF,0xFC,0xFF,0xB3,0x02,0xFF,0x7F,0xF0,
  0xFF,0xFF,0xFF,0xF6,0x0F,0xFF,0x3F,0xB0,0x02,0xFF,0x7F,0xF0,0xFF,0xFF,0xFF,0xF5,
  0xF3,0xFF,0xCF,0xA0,0x02,0xFF,0x7F,0xF0,0xFF,0xFF,0xFF,0xF3,0xFC,0xFF,0xFF,0x9E,
  0x01,0xFF,0xBF,0xF0,0xFF,0xFF,0xFF,0xFB,0xFF,0x7F,0xFF,0x7F,0x85,0xFF,0xBF,0xF0,
  0x00,0x03,0xFF,0xFB,0xFF,0x9F,0xFF,0xFF,0xCB,0xFF,0xBF,0xF0,0x07,0xF1,0xFF,0xFD,
  0xFF,0xEF,0xFF,0xFF,0xE7,0xFF,0xBF,0xF0,0x07,0x90,0xFF,0xFD,0xFF,0xF3,0xFF,0xFF,
  0xEF,0xFF,0xBF,0xF0,0x07,0x90,0x7F,0xFE,0xFF,0xFD,0xFF,0xF7,0xFF,0xFF,0xBF,0xF0,
  0x07,0x90,0x7F,0xFF,0x7F,0xFE,0x7F,0xF7,0xFF,0xFF,0xBF,0xF0,0x07,0xF0,0x7F,0xFF,
  0xBF,0xFF,0xBF,0xEF,0xFF,0xFF,0xBF,0xF0,0x00,0x00,0x7F,0xFF,0xCF,0xFF,0xCF,0xDF,
  0xFF,0xFF,0xBF,0xF0,0x00,0x00,0x7F,0xFF,0xE7,0xFF,0xF0,0x3F,0xFF,0xFF,0xBF,0xF0,
  0x00,0x00,0x7F,0xFF,0xF3,0xFF,0xFF,0xFF,0xFF,0xFF,0xBF,0xF0,0x00,0x00,0x7F,0xFF,
  0xF0,0xFF,0xFF,0xFF,0xFF,0xFF,0xBF,0xF0,0x1F,0xFC,0x7F,0xFF,0xF0,0x7F,0xFF,0xFF,
  0xFF,0xFF,0x7F,0xF0,0x18,0x0C,0x1F,0xFF,0xC0,0x1F,0xFF,0xFF,0xFF,0xFF,0x7F,0xF0,
  0x1F,0xFC,0x63,0xFF,0x34,0x03,0xFF,0xFF,0xFF,0xFF,0x7F,0xF0,0x18,0x0C,0x7C,0x78,
  0xF4,0x00,0x3E,0x3F,0xFF,0xFF,0x3F,0xF0,0x1F,0xFC,0x7F,0x87,0xF6,0x00,0xFD,0xDF,
  0xFF,0xFF,0x1F,0xF0,0x1F,0xFC,0x7F,0xFF,0xF7,0x07,0xFD,0xDF,0xFF,0xFF,0x4F,0xF0,
  0x00,0x00,0x7F,0xFF,0xF7,0xFF,0xFB,0xDF,0xFF,0xFF,0x27,0xF0,0xFF,0xDF,0xFF,0xFF,
  0xF7,0xFF,0xFB,0xDF,0xFF,0xFF,0x53,0xF0,0xFF,0xEF,0xFF,0xFF,0xEF,0xFF,0x83,0xDF,
  0xFF,0xFF,0xAB,0xF0,0xFF,0xF7,0xFF,0xFF,0xEF,0xFF,0x7D,0xDF,0xFF,0xFF,0x95,0xF0,
  0xFF,0xFB,0xFF,0xFF,0xEF,0xFE,0xFF,0xEF,0xFF,0xFF,0x89,0xF0,0xFF,0xFD,0xFF,0xFF,
  0xEF,0xFE,0xFF,0xEF,0xFF,0xFF,0xD4,0xF0,0xFF,0xFE,0x7F,0xFB,0xAF,0xFD,0xFF,0xF3,
  0xFF,0xFF,0xCA,0xF0,0xFF,0xFF,0xBF,0xFF,0xEF,0xFD,0xFF,0xFC,0x7F,0xFF,0xE5,0x70,
  0xFF,0xFF,0xCA,0xEA,0xAF,0xFD,0xFF,0xFF,0x8F,0xFF,0xEA,0x70,0xFF,0xFF,0xE7,0xFF,
  0xEF,0xFD,0xFF,0xFF,0xF1,0xFF,0xF5,0x30,0xFF,0xFF,0xFA,0xAA,0xAF,0xFD,0xFF,0xFF,
  0xFE,0x7F,0xF2,0xB0,0xFF,0xFF,0xFC,0x5F,0x4F,0xFE,0xFF,0xFF,0xFF,0xBF,0xF5,0x50,
  0xFF,0xFF,0xFF,0x2A,0xAF,0xFF,0x7F,0xFF,0xFF,0xFF,0xF2,0x90,0xFF,0xFF,0xFF,0xC5,
  0x57,0xFF,0x9F,0xFF,0xFF,0xFF,0xF9,0x40,0xFF,0xFF,0xFF,0xF8,0xA7,0xFF,0xE7,0xFF,
  0xFF,0xFF,0xFA,0xA0,0xFF,0xFF,0xFF,0xFF,0x07,0xFF,0xE3,0xFF,0xFF,0xFF,0xF9,0x40,
  0xFF,0xFF,0xFF,0xFF,0xF7,0xFF,0xE0,0xFF,0xFF,0xFF,0xFA,0xA0,0xFF,0xFF,0xFF,0xFF,
  0xF7,0xFF,0xF0,0x3F,0xFF,0xFF,0xF9,0x40
};
#define FZI_DolphinSaved_W 92
#define FZI_DolphinSaved_H 58

static const uint8_t FZI_DolphinSuccess[660] PROGMEM = {
  0xFF,0xFF,0xFC,0x00,0xFF,0xFF,0xFF,0xFF,0xFF,0xFF,0xFF,0xE0,0xFF,0xFF,0xE2,0xFF,
  0x0F,0xFF,0xFF,0xFF,0xFF,0xFF,0xFF,0xE0,0xFF,0xFF,0x9F,0xFF,0xF3,0xFF,0xFF,0xFF,
  0xFF,0xFF,0xFF,0xE0,0xFF,0xFE,0x2F,0xFF,0xFC,0xFF,0xFF,0xFF,0xFF,0xFF,0xFF,0xE0,
  0xFF,0xF9,0x7F,0xFF,0xFF,0x3F,0xFF,0xFF,0xFF,0xFF,0xFF,0xE0,0xFF,0xF2,0xBF,0xFF,
  0xFF,0xDF,0xFF,0xFF,0xFF,0xFF,0xFF,0xE0,0xFF,0xE5,0xFF,0xFF,0xFF,0xEF,0xFF,0xFF,
  0xFF,0xFF,0xFF,0xE0,0xFF,0xCA,0xFF,0xFF,0xFF,0xF7,0xFF,0xFF,0xFF,0xFF,0xFF,0xE0,
  0xFF,0x97,0xFF,0xFF,0xFF,0xFB,0xFF,0xFF,0xFF,0xFF,0xFF,0xE0,0xFF,0x2B,0xFF,0xFF,
  0xFF,0xFB,0xFF,0xFF,0xFF,0xFF,0xFF,0xE0,0xFF,0x5F,0xFF,0xFF,0xFF,0xFD,0xFF,0xFF,
  0xFF,0xFF,0xFF,0xE0,0xFE,0xAB,0xFF,0xFF,0xFF,0xFD,0xFF,0xFF,0xFF,0xFF,0xFF,0xE0,
  0xFE,0x5F,0xFF,0x83,0xFF,0xFD,0xFF,0xFF,0xFF,0xFF,0xFF,0xE0,0xFC,0xAF,0xFE,0x7C,
  0xFF,0xFE,0xFF,0xFF,0xFF,0xDD,0xDF,0xE0,0xFD,0x7F,0xFD,0xC1,0x7F,0xFE,0xFF,0xFF,
  0xFF,0xDD,0xDF,0xE0,0xFC,0xAF,0xFB,0x86,0x3F,0xFE,0xFF,0xFF,0xFD,0xED,0xBD,0xE0,
  0xF9,0x7F,0xFB,0x0F,0x3F,0xFF,0x7F,0xFF,0xFE,0xED,0xBB,0xE0,0xFA,0xAF,0xF7,0x0F,
  0x1F,0xFF,0x7F,0xFF,0xFF,0x7F,0xF7,0xE0,0xF9,0x7F,0xF6,0x06,0x1F,0xFF,0x7F,0xFF,
  0xFF,0xFF,0xFF,0xE0,0xFA,0xAF,0xF6,0x00,0xDF,0xFF,0x70,0x3F,0xFF,0xC2,0x3F,0x80,
  0xF5,0xFF,0xF6,0x02,0x9F,0xFF,0x0F,0xCF,0xE7,0xBF,0xDE,0x60,0xF2,0xAF,0xF6,0x00,
  0x1F,0xFC,0x7F,0xF7,0xF9,0xBE,0x6F,0xE0,0xF5,0xFF,0xFB,0x01,0x3F,0xE3,0xFF,0xFB,
  0xFF,0xBF,0xB7,0xE0,0xF2,0xAF,0xFB,0x00,0x3F,0x1F,0xFF,0xFB,0xFF,0xBE,0x57,0xE0,
  0xF5,0xFF,0xFD,0x3F,0x3F,0xFF,0xFF,0xFB,0xE1,0xBE,0x56,0x00,0xF2,0xAF,0xFE,0x7F,
  0xDF,0xFF,0xFF,0x03,0xFF,0xBF,0xFF,0xE0,0xF5,0xFF,0xFE,0xFF,0xFF,0xFF,0xF8,0xFB,
  0xFF,0xBF,0xF7,0xE0,0xF2,0xAF,0xFE,0xFF,0xFF,0xFF,0xE7,0xFB,0xFF,0xBF,0xF7,0xE0,
  0xF5,0xFF,0xFF,0xFF,0xFF,0xFF,0x9F,0xFB,0xF9,0xBF,0xF6,0x60,0xF2,0xAF,0xFF,0xFF,
  0xFF,0xFE,0x7F,0xFB,0xE7,0xBF,0xF7,0x80,0xE5,0xFF,0xFF,0xFB,0xFF,0xF9,0xFF,0xF7,
  0xFF,0xC0,0x0F,0xE0,0xEA,0xAF,0xFF,0xFB,0xFF,0xE7,0xFF,0xEF,0xFF,0xFF,0xFD,0xE0,
  0xE5,0xFF,0xFF,0xFD,0xFF,0x9F,0xFF,0xDF,0xFE,0xFF,0xFE,0xE0,0xEA,0xAF,0xFF,0xFE,
  0x7C,0x7F,0xFF,0x3F,0xFD,0xDD,0xDF,0x60,0xE5,0xFF,0xFF,0xFF,0x83,0xFF,0xFE,0xFF,
  0xFF,0xDD,0xDF,0xE0,0xEA,0xAF,0xFF,0xFF,0xFF,0xFF,0xF9,0xFF,0xFF,0xBD,0xEF,0xE0,
  0xC5,0xFF,0xFF,0xFF,0xFF,0xFF,0xF7,0xFF,0xFF,0xBD,0xEF,0xE0,0xCA,0xAB,0xFF,0xFF,
  0xFF,0xFF,0xCF,0xFF,0xFF,0xFF,0xFF,0xE0,0x85,0x7F,0xFF,0xFF,0xFF,0xFF,0xBF,0xFF,
  0xC3,0xFF,0xFF,0xE0,0x8A,0xAB,0xFF,0xFF,0xFF,0xFC,0x3F,0xFF,0xBD,0xFC,0x7F,0xE0,
  0x05,0x5F,0xFF,0xFF,0xFF,0xE0,0x3F,0xFF,0x7E,0xF3,0xBF,0xE0,0x0A,0xAA,0xFF,0xFF,
  0xFF,0x00,0xBF,0xFE,0xFE,0xEF,0xDF,0xE0,0x05,0x5F,0xFF,0xFF,0xFC,0x00,0xBF,0xF9,
  0xFE,0xDF,0xDF,0xE0,0x0A,0xAA,0xBF,0xFF,0xFF,0x03,0xBF,0xF7,0xFE,0xBF,0xDF,0xE0,
  0x05,0x5F,0xFF,0xDF,0xFF,0xFF,0x9F,0xEF,0xFE,0x7F,0xDF,0xE0,0x0A,0xAA,0xFF,0xE7,
  0xFF,0xFF,0x8F,0x9F,0xFE,0xFF,0xBF,0xE0,0x15,0x7F,0xFF,0xF9,0xFF,0xFF,0x80,0x7F,
  0xFD,0xFF,0xBF,0xE0,0x0A,0xAB,0xFF,0xFE,0x7F,0xFF,0x81,0xFF,0xFD,0xFF,0xBF,0xE0,
  0x15,0xFF,0xFF,0xFF,0x8F,0xFF,0x0F,0xFF,0xFB,0xFF,0x7F,0xE0,0x0A,0xAB,0xFF,0xFF,
  0xF0,0x00,0xFF,0xFF,0xFB,0xFF,0x7F,0xE0,0x15,0xFF,0xFF,0xFF,0xFF,0xFF,0xFF,0xFF,
  0xF7,0xFE,0xFF,0xE0,0x0A,0xAF,0xFF,0xFF,0xFF,0xFF,0xFF,0xFF,0xF7,0xFD,0xFF,0xE0,
  0x17,0xFF,0xFF,0xFF,0xFF,0xFF,0xFF,0xFF,0xEB,0xFD,0xFF,0xE0,0x2A,0xAF,0xFF,0xFF,
  0xFF,0xFF,0xFF,0xFF,0xD5,0xFB,0xFF,0xE0,0x17,0xFF,0xFF,0xFF,0xFF,0xFF,0xFF,0xFF,
  0xAA,0xB7,0xFF,0xE0
};
#define FZI_DolphinSuccess_W 91
#define FZI_DolphinSuccess_H 55

static const uint8_t FZI_DolphinWait[432] PROGMEM = {
  0xFF,0xFF,0xFF,0xC0,0x0F,0xFF,0xFF,0xE0,0xFF,0xFF,0xFE,0x3F,0xF1,0xFF,0xFF,0xE0,
  0xFF,0xFF,0xF9,0xFF,0xFE,0x7F,0xFF,0xE0,0xFF,0xFF,0xE7,0xFF,0xFF,0x9F,0xFF,0xE0,
  0xFF,0xFF,0x9F,0xFF,0xFF,0xE7,0xFF,0xE0,0xFF,0xFF,0x7F,0xFF,0xFF,0xFB,0xFF,0xE0,
  0xFF,0xFE,0xFF,0xFF,0xFF,0xFD,0xFF,0xE0,0xFF,0xFD,0xFF,0xFF,0xFF,0xFE,0xFF,0xE0,
  0xFF,0xFB,0xFF,0xFF,0xFF,0xFF,0x7F,0xE0,0xFF,0xF7,0xFF,0xFF,0xFF,0xFF,0x7F,0xE0,
  0xFF,0xF7,0xFF,0xFF,0xFF,0xFF,0xBF,0xE0,0xFF,0xEF,0xFF,0xFF,0xFF,0xFF,0xBF,0xE0,
  0xFF,0xEF,0xFF,0xFF,0xFF,0xFF,0xDF,0xE0,0xFF,0xDF,0xFC,0x3F,0xFF,0xFF,0x9F,0xE0,
  0xFF,0xDF,0xF2,0x0F,0xFF,0xFF,0x1F,0xE0,0xFF,0xBF,0xEC,0x67,0xFF,0xFE,0xCF,0xE0,
  0xFF,0xBF,0xD8,0xF3,0xFF,0xFE,0xCF,0xE0,0xFF,0xBF,0xD8,0xF3,0xFF,0xFE,0x8F,0xE0,
  0xFF,0x7F,0xB0,0x61,0xFF,0xFC,0x03,0xE0,0xFF,0x7F,0xB0,0x01,0xFF,0xF3,0xFD,0xE0,
  0xFF,0x7F,0xB0,0x01,0xFF,0xCF,0xFE,0xE0,0xFF,0x7F,0xB8,0x05,0xFF,0x3F,0xFF,0x60,
  0xFF,0x7F,0xB8,0x05,0xFC,0xFF,0xFF,0x60,0xFF,0x7F,0xDE,0x0B,0xF3,0xFF,0xFF,0x60,
  0xFF,0x7F,0xDF,0xFB,0xCF,0xFF,0xC3,0x60,0xFE,0xFF,0xE8,0x17,0xFF,0xFF,0x3D,0x60,
  0xFE,0xFF,0xE7,0xEF,0xFF,0xFC,0xFE,0x60,0xFE,0xFF,0xEF,0xF7,0xFF,0xF3,0xFE,0xE0,
  0xFE,0xFF,0xDF,0xFF,0xFF,0xCF,0xFE,0xE0,0xFC,0xFF,0xDF,0xFF,0xFF,0x3F,0xFE,0xE0,
  0xF8,0xFF,0xFF,0xFF,0xFC,0xFF,0xFD,0xE0,0xF2,0xFF,0xFE,0xFF,0xF3,0xFF,0xFB,0xE0,
  0xF4,0xFF,0xFE,0xFF,0xCF,0xFF,0xFB,0xE0,0xEA,0xFF,0xFF,0x7F,0x3F,0xFF,0xF7,0xE0,
  0xD4,0xFF,0xFF,0x80,0xFF,0xFF,0xEF,0xE0,0xCA,0x3F,0xFF,0xFF,0xFF,0xFF,0xCF,0xE0,
  0x94,0xF7,0xFF,0xFF,0xFF,0xFF,0x8F,0xE0,0xAB,0xFF,0xFF,0xFF,0xC0,0xFC,0x1F,0xE0,
  0x57,0xFE,0xFF,0xFF,0x3F,0x00,0x1F,0xE0,0x2F,0xFF,0xFF,0xFE,0xFF,0xBF,0x8F,0xE0,
  0x4F,0xFF,0xBF,0xF9,0xE1,0xBF,0xC7,0xE0,0x9F,0xFF,0xCF,0xE5,0xEF,0xBF,0xF9,0xE0,
  0x5F,0xFF,0xE0,0x1D,0xEF,0x1F,0xFE,0xE0,0xBF,0xFF,0xF0,0x7C,0xFC,0x4F,0xFF,0x60,
  0x3F,0xFF,0xC2,0xFE,0x00,0xA7,0xFF,0xA0,0x7F,0xFE,0x3D,0xFF,0x01,0x57,0xFF,0x80,
  0x7F,0xFD,0xFB,0xFF,0xF2,0xAB,0xFF,0x80,0x7F,0xFF,0xFB,0xFF,0xF9,0x53,0xFF,0x80,
  0xFF,0xFF,0xF7,0xFF,0xFC,0xA0,0x3F,0x80,0xFF,0xFF,0xF7,0xFF,0xF8,0x07,0xC7,0x80,
  0xFF,0xFF,0xF7,0xFF,0x00,0x3F,0xF9,0x00,0xFF,0xFF,0xFB,0xC0,0x03,0xFF,0xFE,0x00,
  0xFF,0xFF,0xFC,0x00,0x3F,0xFF,0xFF,0x20,0xFF,0xFF,0xFF,0x00,0xFF,0xFF,0xFF,0x60
};
#define FZI_DolphinWait_W 59
#define FZI_DolphinWait_H 54

static const uint8_t FZI_DolphinMafia[930] PROGMEM = {
  0xFF,0xFF,0xFF,0xFF,0xF0,0x03,0xFF,0xFF,0xFF,0xFF,0xFF,0xFF,0xFF,0xFF,0xFE,0xFF,
  0xFF,0xFF,0xFF,0x8F,0xFC,0xFF,0xFF,0xFF,0xFF,0xFF,0xFF,0xFF,0xFF,0xFE,0xFF,0xFF,
  0xFF,0xF8,0x7F,0xFF,0x7F,0xFF,0xFF,0xFF,0xFF,0xFF,0xFF,0xFF,0xFE,0xFF,0xFF,0xFF,
  0x80,0x01,0xFF,0xBF,0xFF,0xFF,0xFF,0xFF,0xFF,0xFF,0xFF,0xFE,0xFF,0xFF,0xF0,0x55,
  0x7F,0xFF,0xBF,0xFF,0xFF,0xFF,0xFF,0xFF,0xFF,0xFF,0xFE,0xFF,0xFF,0x8A,0xAA,0xFF,
  0xFF,0xDF,0xFF,0xFF,0xFF,0xFF,0xFF,0xFF,0xFF,0xFE,0xFF,0xFE,0x55,0x55,0x57,0xFF,
  0xDF,0xFF,0xFF,0xFF,0xFF,0xFF,0xFF,0xFF,0xFE,0xFF,0xFC,0xAA,0xAB,0xFF,0xFF,0xDF,
  0xFF,0xFF,0xFF,0xFF,0xFF,0xFF,0xFF,0xFE,0xFF,0xFD,0x55,0x55,0x55,0xFF,0xEF,0xFF,
  0xFF,0xFF,0xFF,0xFF,0xFF,0xFF,0xFE,0xFF,0xFA,0xAA,0xAB,0xFF,0xFF,0xEF,0x00,0x03,
  0xFF,0xFF,0xFF,0xFF,0xFF,0xFE,0xFF,0xF9,0x55,0x55,0x55,0xFF,0xE0,0xFF,0xFC,0xFF,
  0xFF,0xFF,0xFF,0xFF,0xFE,0xFF,0xFA,0xAA,0xAB,0xFF,0xFF,0xF7,0xFF,0xFF,0x7F,0xFF,
  0xFF,0xFF,0xFF,0xFE,0xFF,0xF9,0x55,0x55,0x55,0xFF,0xF7,0xFF,0xFF,0x7F,0xFF,0xFF,
  0xFF,0xFF,0xFE,0xFF,0xFA,0xAA,0xAB,0xFF,0xFF,0xFB,0xFF,0xFF,0x7F,0xFF,0xFF,0xFF,
  0xFF,0xFE,0xFF,0xF9,0x54,0x00,0x00,0x03,0xFB,0xFF,0xFC,0xFF,0xFF,0xFF,0xFF,0xFF,
  0xFE,0xFF,0xFA,0xA0,0x00,0x00,0x00,0x00,0x3F,0xE3,0xFF,0xFF,0xFF,0xFF,0xFF,0xFE,
  0xFF,0xF9,0x00,0x00,0x00,0x00,0x00,0x00,0x1F,0xFF,0xFF,0xFF,0xFF,0xFF,0xFE,0xFF,
  0xF8,0x00,0x00,0x02,0xAA,0xAA,0xFF,0xFF,0xFF,0xFF,0xFF,0xFF,0xFF,0xFE,0xFF,0xF0,
  0x00,0x00,0x15,0x55,0x55,0x7F,0xFF,0xFF,0xFF,0xFF,0xFF,0xFF,0xFE,0xFF,0xC0,0x00,
  0x00,0xAA,0xBF,0xFF,0x7F,0xFF,0xFF,0xFF,0xFF,0xFF,0xFF,0xFE,0xFF,0x00,0x00,0x05,
  0x57,0xFF,0xFF,0x1F,0xFF,0xFF,0xFF,0xFF,0xFF,0xFF,0xFE,0xFE,0x00,0x00,0x0A,0xBF,
  0xE0,0x0F,0x0F,0xFF,0xFF,0xFF,0xFF,0xFF,0xFF,0xFE,0xFC,0x00,0x00,0x55,0x7F,0x00,
  0x07,0x0F,0xFF,0xFF,0xFF,0xFF,0xFF,0xFF,0xFE,0xF8,0x00,0x00,0xAB,0xFC,0x0F,0xE0,
  0x0F,0xFF,0xFF,0xFF,0xFF,0xFF,0xFF,0xFE,0xF0,0x00,0x05,0x57,0xF0,0x0F,0xE0,0x0F,
  0xFF,0xFF,0xFF,0xFF,0xFF,0xFF,0xFC,0xE0,0x00,0x0A,0xBF,0xE0,0x0F,0xC7,0x8F,0x07,
  0xFF,0xFF,0xFF,0xFF,0xFF,0xF8,0xC0,0x00,0x15,0x57,0xE0,0x07,0x87,0x80,0xF9,0xFF,
  0xFF,0xFF,0x94,0xFF,0xF4,0x80,0x00,0x2A,0x00,0x00,0x00,0x0F,0x0F,0xFE,0xFF,0xFF,
  0xFE,0x7F,0xEC,0x8C,0x80,0x00,0x50,0x17,0xF0,0x00,0x0C,0xFF,0xFF,0x7F,0xFF,0xFD,
  0xFF,0xFF,0xFA,0x00,0x00,0x20,0xFF,0xF8,0x00,0x1F,0xFF,0xF9,0x7F,0xFF,0xFB,0xFF,
  0xFF,0xE6,0x00,0x00,0x45,0x5F,0xFC,0x00,0x3F,0xFF,0xF1,0x78,0x1F,0xFA,0x3A,0xF2,
  0x9E,0x00,0x00,0xAA,0xFF,0xFE,0x00,0x7F,0xFF,0xC0,0x7F,0xFF,0xF9,0xFF,0xFF,0xFE,
  0x00,0x00,0x45,0x5F,0xFC,0x01,0xFF,0xFF,0x32,0xFF,0xFF,0xFB,0xFF,0xFF,0xFE,0x80,
  0x00,0x8A,0xFF,0xFB,0xF9,0xFF,0xFC,0xFE,0xFF,0x07,0xFF,0xFF,0xFF,0xFE,0xC0,0x06,
  0x55,0x5F,0xF7,0xFD,0xFF,0xF3,0xFE,0xFF,0xFF,0x8F,0xFF,0xFF,0xFE,0xFF,0xFE,0xAA,
  0xFF,0xF7,0xFF,0xFF,0xCF,0xFE,0xFF,0xFF,0x77,0xFF,0xFF,0xFE,0xFF,0xFE,0x55,0x5F,
  0xFF,0xFF,0xFF,0x3F,0xFD,0xFF,0xFE,0xF7,0xFF,0xFF,0xFE,0xFF,0xFE,0xAA,0xFF,0xFF,
  0xBF,0xFE,0xFF,0xFB,0xFF,0xFD,0xF7,0xFF,0xFF,0xFE,0xFF,0xFF,0x55,0x5F,0xFF,0xBF,
  0xF9,0xFF,0xF7,0xFF,0xFD,0xF7,0xFF,0xFF,0xFE,0xFF,0xFF,0x2A,0xFF,0xFF,0xCF,0xE7,
  0xFF,0xCF,0xFF,0xFB,0xEF,0xFF,0xFF,0xFE,0xFF,0xFF,0x55,0x57,0xFF,0xF0,0x1F,0xFF,
  0x3F,0xFC,0x77,0xEF,0xFF,0xFF,0xFE,0xFF,0xFF,0x2A,0xFF,0xFF,0xFF,0xFF,0xFC,0xFF,
  0xFB,0x97,0x87,0xFF,0xFF,0xFE,0xFF,0xFF,0x55,0x57,0xFF,0xFF,0xFF,0xF3,0xFF,0xFB,
  0xEF,0x7B,0xFF,0xFF,0xFE,0xFF,0xFE,0x2A,0xFF,0xFF,0xFF,0xFF,0xCF,0xFF,0xFB,0xFE,
  0xFD,0xFF,0xFF,0xFE,0xFF,0xFD,0x45,0x57,0xFF,0xFF,0xFF,0x3F,0xFF,0xFD,0xFE,0xFE,
  0xFF,0xFF,0xFE,0xFF,0xFC,0xA8,0xBF,0xFF,0xFF,0xFC,0x1F,0xFF,0xFD,0xFD,0xFF,0x7F,
  0xFF,0xFE,0xFF,0xFD,0x55,0x15,0xFF,0xFF,0xE0,0x1F,0xFF,0xFE,0xFD,0xFF,0x7F,0xFF,
  0xFE,0xFF,0xFC,0xAA,0xA3,0xFF,0xFF,0x80,0x5F,0xFF,0xFE,0xFD,0xFF,0x7F,0xFF,0xFE,
  0xFF,0xF8,0x55,0x54,0x7F,0xFF,0xC0,0x5F,0xFF,0xFE,0xFE,0xFE,0xFF,0xFF,0xFE,0xFF,
  0xF0,0x2A,0xAF,0x87,0xFF,0xF1,0xCF,0xFF,0xFE,0xFF,0x7E,0xFF,0xFF,0xFE,0xFF,0xE4,
  0x15,0x55,0x78,0x7F,0xFF,0xD7,0xFF,0xFE,0xFF,0xBD,0xFF,0xFF,0xFE,0xFF,0xC8,0x0A,
  0xAF,0xFF,0x80,0x1F,0xD7,0xFF,0xF8,0xFF,0xC1,0xFF,0xFF,0xFE,0xFF,0xB0,0x01,0x55,
  0x5F,0xFF,0xE7,0xDB,0xFF,0xF7,0x7F,0xFB,0xFF,0xFF,0xFE,0xFF,0x28,0x00,0xAF,0xFF,
  0xFF,0xFB,0xBB,0xFF,0xEF,0xBF,0xFB,0xFF,0xFF,0xFE,0xFF,0x50,0x00,0x55,0x5F,0xFF,
  0xED,0xBB,0xFF,0xDF,0xDF,0xF7,0xFF,0xFF,0xFE,0xFE,0xA0,0x00,0x0F,0xFF,0xFF,0xCE,
  0xBD,0xFF,0x9F,0xEF,0xEF,0xFF,0xFF,0xFE,0xFD,0x50,0x00,0x05,0x57,0xFF,0x9F,0x2D,
  0xFE,0x6F,0xF3,0xDF,0xFF,0xFF,0xFE,0xFC,0xA0,0x00,0xA8,0xFF,0xFF,0x1F,0xB5,0xFD,
  0xF7,0xFC,0x9F,0xFF,0xFF,0xFE,0xF9,0x50,0x01,0x55,0x17,0xFE,0x0F,0xB1,0xF3,0xFB,
  0xFF,0x1F,0xFF,0xFF,0xFE,0xF2,0xA0,0x02,0xAA,0xE3,0xFC,0x07,0xD0,0xCA,0xBD,0xFF,
  0xDF,0xFF,0xFF,0xFE,0xF5,0x50,0x05,0x55,0x54,0x78,0x03,0xD1,0x15,0x7E,0x7F,0xBF,
  0xFF,0xFF,0xFE,0xEA,0xA0,0x0A,0xAA,0xFE,0x30,0x01,0xE0,0xAA,0xAF,0x9F,0x7F,0xFF,
  0xFF,0xFE
};
#define FZI_DolphinMafia_W 119
#define FZI_DolphinMafia_H 62

static const uint8_t FZI_DolphinWarning[252] PROGMEM = {
  0xFF,0xFF,0xFF,0xFF,0xEF,0xB8,0xFF,0xFF,0xFF,0xFF,0xEF,0xB8,0xFF,0xFF,0x00,0x1F,
  0xF7,0xB8,0xFF,0xFC,0xFF,0xE7,0xF7,0xB8,0xFF,0xF3,0xFF,0xF9,0xFB,0xB8,0xFF,0xEF,
  0xFF,0xFE,0xFB,0xB8,0xFF,0xDF,0xFF,0xFF,0x7F,0xF8,0xFF,0xBF,0xFF,0xFF,0xBD,0xB8,
  0xFF,0x7F,0xFF,0xFF,0xBF,0xF8,0xFF,0x7F,0xFF,0xFF,0xDF,0xF8,0xFE,0xFF,0x0F,0xFF,
  0xDE,0x18,0xFE,0xFE,0xF7,0xFF,0xE9,0xE8,0xFD,0xFD,0x0B,0xFF,0xE7,0xF0,0xFD,0xFA,
  0x25,0xFF,0x9F,0xF0,0xFD,0xFA,0x35,0xFE,0x7F,0x80,0xFD,0xFA,0x05,0xF9,0xFE,0x08,
  0xFB,0xFA,0x05,0xFF,0xFC,0x18,0xFB,0xFD,0x0B,0xFF,0xF0,0x38,0xFB,0xFE,0x83,0xFF,
  0xE0,0x78,0xFB,0xFF,0x7D,0xFF,0xC0,0xF8,0xFB,0xFE,0xFF,0xFF,0x81,0xF8,0xFB,0xFF,
  0xFF,0xFF,0x03,0xF8,0xFB,0xFF,0xFF,0xFC,0xF0,0x08,0xFB,0xFC,0xFF,0xF3,0xFC,0x30,
  0xFB,0xFB,0x7F,0x00,0x03,0xF0,0xF3,0xFB,0x7F,0xFF,0xFF,0xF0,0xF3,0xFB,0x7F,0xFF,
  0xFF,0xE8,0xE3,0xFB,0x7F,0xFF,0xFF,0x98,0xE7,0x87,0x7F,0xFF,0xFC,0x78,0xC7,0x7B,
  0x7F,0xF8,0x03,0xF8,0xC6,0xFC,0x7F,0xFE,0x07,0xF8,0x8E,0xFD,0xBF,0xFF,0xF7,0xF8,
  0x8E,0xBD,0xBF,0xFF,0xF7,0xF8,0x0E,0xBD,0xBF,0xFF,0xF7,0xF8,0x1E,0xC3,0xBF,0xFF,
  0xF7,0xF8,0x1D,0xC7,0x7F,0xFF,0xF7,0xF8,0x1D,0xFE,0xFF,0xFF,0xF7,0xF8,0x3B,0xFD,
  0xFF,0xFF,0xFB,0xF8,0x3B,0xFD,0xFF,0xFF,0xFB,0xF8,0x37,0xFD,0xFF,0xFF,0xFB,0xF8,
  0x77,0xFD,0xFF,0xFF,0xFB,0xF8,0x6F,0xFD,0xFF,0xFF,0xFB,0xF8
};
#define FZI_DolphinWarning_W 45
#define FZI_DolphinWarning_H 42

static const uint8_t FZI_DolphinWarningFlip[252] PROGMEM = {
  0xEF,0xBF,0xFF,0xFF,0xFF,0xF8,0xEF,0xBF,0xFF,0xFF,0xFF,0xF8,0xEF,0x7F,0xC0,0x07,
  0xFF,0xF8,0xEF,0x7F,0x3F,0xF9,0xFF,0xF8,0xEE,0xFC,0xFF,0xFE,0x7F,0xF8,0xEE,0xFB,
  0xFF,0xFF,0xBF,0xF8,0xFF,0xF7,0xFF,0xFF,0xDF,0xF8,0xED,0xEF,0xFF,0xFF,0xEF,0xF8,
  0xFF,0xEF,0xFF,0xFF,0xF7,0xF8,0xFF,0xDF,0xFF,0xFF,0xF7,0xF8,0xC3,0xDF,0xFF,0x87,
  0xFB,0xF8,0xBC,0xBF,0xFF,0x7B,0xFB,0xF8,0x7F,0x3F,0xFE,0x85,0xFD,0xF8,0x7F,0xCF,
  0xFD,0x22,0xFD,0xF8,0x0F,0xF3,0xFD,0x62,0xFD,0xF8,0x83,0xFC,0xFD,0x02,0xFD,0xF8,
  0xC1,0xFF,0xFD,0x02,0xFE,0xF8,0xE0,0x7F,0xFE,0x85,0xFE,0xF8,0xF0,0x3F,0xFE,0x0B,
  0xFE,0xF8,0xF8,0x1F,0xFD,0xF7,0xFE,0xF8,0xFC,0x0F,0xFF,0xFB,0xFE,0xF8,0xFE,0x07,
  0xFF,0xFF,0xFE,0xF8,0x80,0x79,0xFF,0xFF,0xFE,0xF8,0x61,0xFE,0x7F,0xF9,0xFE,0xF8,
  0x7E,0x00,0x07,0xF6,0xFE,0xF8,0x7F,0xFF,0xFF,0xF6,0xFE,0x78,0xBF,0xFF,0xFF,0xF6,
  0xFE,0x78,0xCF,0xFF,0xFF,0xF6,0xFE,0x38,0xF1,0xFF,0xFF,0xF7,0x0F,0x38,0xFE,0x00,
  0xFF,0xF6,0xF7,0x18,0xFF,0x03,0xFF,0xF1,0xFB,0x18,0xFF,0x7F,0xFF,0xED,0xFB,0x88,
  0xFF,0x7F,0xFF,0xED,0xEB,0x88,0xFF,0x7F,0xFF,0xED,0xEB,0x80,0xFF,0x7F,0xFF,0xEE,
  0x1B,0xC0,0xFF,0x7F,0xFF,0xF7,0x1D,0xC0,0xFF,0x7F,0xFF,0xFB,0xFD,0xC0,0xFE,0xFF,
  0xFF,0xFD,0xFE,0xE0,0xFE,0xFF,0xFF,0xFD,0xFE,0xE0,0xFE,0xFF,0xFF,0xFD,0xFF,0x60,
  0xFE,0xFF,0xFF,0xFD,0xFF,0x70,0xFE,0xFF,0xFF,0xFD,0xFF,0xB0
};
#define FZI_DolphinWarningFlip_W 45
#define FZI_DolphinWarningFlip_H 42

static const uint8_t FZI_RFIDReceive[793] PROGMEM = {
  0xFF,0xFF,0x80,0x07,0xFF,0xFF,0xFF,0x7F,0xFF,0xFF,0xFF,0xFF,0x80,0xFF,0xFC,0x7F,
  0xF8,0x7F,0xFF,0xFE,0xFF,0xFF,0xFF,0xFF,0xFF,0x80,0xFF,0xF3,0xFF,0xFF,0x9F,0xFF,
  0xFE,0xFF,0xFF,0xFF,0xFF,0xFF,0x80,0xFF,0xCF,0xFF,0xFF,0xE7,0xFF,0xFD,0xFF,0xFF,
  0xFF,0xFF,0xFF,0x80,0xFF,0xBF,0xFF,0xFF,0xFB,0xFF,0xFD,0xFD,0xFF,0xFF,0xFA,0xAF,
  0x80,0xFF,0x7F,0xFF,0xFF,0xFD,0xFF,0xFB,0xFB,0xFF,0xFF,0xFA,0xAF,0x80,0xFE,0xFF,
  0xFF,0xFF,0xFE,0xFF,0xFB,0xFB,0xFF,0xFF,0xF0,0x07,0x80,0xFD,0xFF,0xFF,0xFF,0xFF,
  0x7F,0xFB,0xF7,0xFF,0xFF,0xEF,0xFB,0x80,0xFB,0xFF,0xFF,0xFF,0xFF,0xBF,0xF7,0xF7,
  0xFF,0xFF,0xD8,0x4D,0x80,0xFB,0xFF,0xFF,0xFF,0xC3,0xDF,0xF7,0xEF,0xDF,0xFF,0x17,
  0xCC,0x00,0xF7,0xFF,0xFF,0xFF,0xBD,0xDF,0xF7,0xEF,0xBF,0xFF,0xD7,0xFD,0x80,0xF7,
  0xFF,0xFF,0xFF,0x7E,0xEF,0xF7,0xEF,0xBF,0xFF,0x1F,0xF4,0x00,0xEF,0x9F,0xFF,0xFE,
  0xE7,0x6F,0xF7,0xEF,0xBF,0xFF,0xD7,0xF5,0x80,0xEF,0x6F,0xEF,0xFE,0xDB,0x6F,0xF7,
  0xEF,0xBF,0xFF,0x1F,0xF4,0x00,0xDE,0xF7,0xEF,0xFE,0xDB,0x77,0xF7,0xEF,0xBF,0xFF,
  0xD7,0xF5,0x80,0xDC,0xF7,0xF7,0xFE,0xDB,0x77,0xF7,0xEF,0xDF,0xFF,0x17,0xF4,0x00,
  0xDD,0xF7,0xF7,0xFE,0xDB,0x77,0xF7,0xF7,0xFF,0xFF,0xDA,0x0D,0x80,0x9D,0xFB,0xFB,
  0xFE,0xDB,0x77,0xFB,0xF7,0xFF,0xFF,0xEF,0xFB,0x80,0xAB,0xFB,0xFB,0xFE,0xDB,0x77,
  0xFB,0xFB,0xFF,0xFF,0xF0,0x07,0x80,0x93,0xFB,0xFD,0xFE,0xE7,0x77,0xFB,0xFB,0xFF,
  0xFF,0xFA,0xAF,0x80,0x27,0xF8,0xFE,0xFF,0x7E,0xF7,0xFD,0xFD,0xFF,0xFF,0xFA,0xAF,
  0x80,0x4F,0xF8,0xFF,0x7F,0xBD,0xF7,0xFD,0xFF,0xFF,0xFF,0xFF,0xFF,0x80,0x1F,0xF8,
  0x7F,0xFF,0xC3,0xE7,0xFE,0xFF,0xFF,0xFF,0xFF,0xFF,0x80,0x3F,0xF0,0x7F,0xFF,0xFF,
  0xD7,0xFE,0xFF,0xFF,0xFF,0xFF,0xFF,0x80,0x7F,0xF0,0x3F,0xFF,0xFF,0xAF,0xFF,0x7F,
  0xFF,0xFF,0xFF,0xFF,0x80,0xFF,0xF4,0x00,0x7F,0xFF,0xEF,0xFF,0xFF,0xFF,0xFF,0xFF,
  0xFF,0x80,0xFF,0xF4,0x00,0x7F,0xFF,0xCF,0xFF,0xFF,0xFF,0xFF,0xFF,0xFF,0x80,0xFF,
  0xE7,0x00,0xFF,0xFF,0x8F,0xFF,0xFF,0xFF,0xFF,0xFF,0xFF,0x80,0xFF,0xEF,0xC3,0xFF,
  0x07,0x8F,0xFF,0xFF,0xFF,0xFF,0xFF,0xFF,0x80,0xFF,0xE7,0xFF,0xF9,0xFE,0x9F,0xFF,
  0xFF,0xFF,0xFF,0xFF,0xFF,0x80,0xFF,0xCF,0xFF,0xEF,0xFF,0x5F,0xFF,0xFF,0xFF,0xFF,
  0xFF,0xFF,0x80,0xFF,0xD7,0xFF,0xBF,0xFF,0x1F,0xFF,0xFF,0xFF,0xFF,0xFF,0xFF,0x80,
  0xFF,0xCF,0xFF,0xFF,0xFF,0x9F,0xFF,0xFF,0xFF,0xFF,0xFF,0xFF,0x80,0xFF,0x9F,0xFF,
  0xFF,0xFF,0xDF,0xFF,0xFF,0xFF,0xFF,0xFF,0xFF,0x80,0xFF,0xAF,0xFF,0xFF,0xFF,0xDF,
  0xFF,0xFF,0xFF,0xFF,0xFF,0xFF,0x80,0xFF,0x5F,0xFF,0xFF,0xFF,0xEF,0xFF,0xFF,0xFF,
  0xFF,0xFF,0xFF,0x80,0xFF,0x2F,0xFF,0xFF,0xFF,0xEF,0xFF,0xFF,0xFF,0xFF,0xFF,0xFF,
  0x80,0xFE,0x5F,0xE7,0xFF,0xFF,0xF7,0xFF,0xFF,0xFF,0xFF,0xFF,0xFF,0x80,0xFC,0xBF,
  0xFB,0xFF,0xFF,0xF7,0xFF,0xFF,0xFF,0xFF,0xFF,0xFF,0x80,0xFD,0x5F,0xFC,0xFF,0xFF,
  0xFB,0xFF,0xFF,0xFF,0xFF,0xFF,0xFF,0x80,0xFA,0xBF,0xFF,0x7F,0xFF,0xFB,0xFF,0xFF,
  0xFF,0xFF,0xFF,0xFF,0x80,0xF5,0x7F,0xFF,0x9F,0xFF,0xFD,0xFF,0xFF,0xFF,0xFF,0xFF,
  0xFF,0x80,0xF2,0xFF,0xD7,0xEF,0xFF,0xFD,0xFF,0xFF,0xFF,0xFF,0xFF,0xFF,0x80,0xE5,
  0xFF,0xA9,0xF3,0xFF,0xFD,0xFF,0xFF,0xFF,0xFF,0xFF,0xFF,0x80,0xCA,0xFF,0xD4,0x7D,
  0xFF,0xFD,0xFF,0xFF,0xFF,0xFF,0xFF,0xFF,0x80,0xD5,0xFF,0xEA,0x3E,0x7F,0xFD,0xFF,
  0xFF,0xFF,0xFF,0xFF,0xFF,0x80,0xAB,0xFF,0xF5,0x0F,0xBF,0xFD,0xFF,0xFF,0xFF,0xFF,
  0xFF,0xFF,0x80,0x57,0xFF,0xFA,0x87,0xC0,0x05,0xFF,0xFF,0xFF,0xFF,0xFF,0xFF,0x80,
  0x2F,0xFF,0xFD,0x41,0xFF,0xF3,0xFF,0xFF,0xFF,0xFF,0xFF,0xFF,0x80,0x7F,0xFF,0xFA,
  0xA0,0x7F,0xF7,0xFF,0xFF,0xFF,0xFF,0xFF,0xFF,0x80,0xFF,0xFF,0xFF,0x50,0x1F,0xEF,
  0xFF,0xFF,0xFF,0xFF,0xFF,0xFF,0x80,0xFF,0xFF,0xFF,0xA8,0x00,0x1F,0xFF,0xFF,0xFF,
  0xFF,0xFF,0xFF,0x80,0xFF,0xFF,0xFF,0xF4,0x05,0xFF,0xFF,0xFF,0xFF,0xFF,0xFF,0xFF,
  0x80,0xFF,0xFF,0xFF,0xFA,0x86,0xFF,0xFF,0xFF,0xFF,0xFF,0xFF,0xFF,0x80,0xFF,0xFF,
  0xFF,0xFD,0x56,0xFF,0xFF,0xFF,0xFF,0xFF,0xFF,0xFF,0x80,0xFF,0xFF,0xFF,0xFF,0xA6,
  0xFF,0xFF,0xFF,0xFF,0xFF,0xFF,0xFF,0x80,0xFF,0xFF,0xFF,0xFF,0xF7,0x7F,0xFF,0xFF,
  0xFF,0xFF,0xFF,0xFF,0x80,0xFF,0xFF,0xFF,0xFF,0xEF,0x7F,0xFF,0xFF,0xFF,0xFF,0xFF,
  0xFF,0x80,0xFF,0xFF,0xFF,0xFF,0xEF,0x7F,0xFF,0xFF,0xFF,0xFF,0xFF,0xFF,0x80,0xFF,
  0xFF,0xFF,0xFF,0xEF,0xBF,0xFF,0xFF,0xFF,0xFF,0xFF,0xFF,0x80,0xFF,0xFF,0xFF,0xFF,
  0xEF,0xBF,0xFF,0xFF,0xFF,0xFF,0xFF,0xFF,0x80
};
#define FZI_RFIDReceive_W 97
#define FZI_RFIDReceive_H 61

static const uint8_t FZI_RFIDSend[793] PROGMEM = {
  0xFF,0xFF,0x80,0x07,0xFF,0xFF,0xFF,0xFD,0xFF,0xFF,0xFF,0xFF,0x80,0xFF,0xFC,0x7F,
  0xF8,0x7F,0xFF,0xFF,0xFE,0xFF,0xFF,0xFF,0xFF,0x80,0xFF,0xF3,0xFF,0xFF,0x9F,0xFF,
  0xFF,0xFE,0xFF,0xFF,0xFF,0xFF,0x80,0xFF,0xCF,0xFF,0xFF,0xE7,0xFF,0xFF,0xFF,0x7F,
  0xFF,0xFF,0xFF,0x80,0xFF,0xBF,0xFF,0xFF,0xFB,0xFF,0xFF,0x7F,0x7F,0xFF,0xFA,0xAF,
  0x80,0xFF,0x7F,0xFF,0xFF,0xFD,0xFF,0xFF,0xBF,0xBF,0xFF,0xFA,0xAF,0x80,0xFE,0xFF,
  0xFF,0xFF,0xFE,0xFF,0xFF,0xBF,0xBF,0xFF,0xF0,0x07,0x80,0xFD,0xFF,0xFF,0xFF,0xFF,
  0x7F,0xFF,0xDF,0xBF,0xFF,0xEF,0xFB,0x80,0xFB,0xFF,0xFF,0xFF,0xFF,0xBF,0xFF,0xDF,
  0xDF,0xFF,0xD8,0x4D,0x80,0xFB,0xFF,0xFF,0xFF,0xC3,0xDF,0xF7,0xEF,0xDF,0xFF,0x17,
  0xCC,0x00,0xF7,0xFF,0xFF,0xFF,0xBD,0xDF,0xFB,0xEF,0xDF,0xFF,0xD7,0xFD,0x80,0xF7,
  0xFF,0xFF,0xFF,0x7E,0xEF,0xFB,0xEF,0xDF,0xFF,0x1F,0xF4,0x00,0xEF,0x9F,0xFF,0xFE,
  0xE7,0x6F,0xFB,0xEF,0xDF,0xFF,0xD7,0xF5,0x80,0xEF,0x6F,0xEF,0xFE,0xDB,0x6F,0xFB,
  0xEF,0xDF,0xFF,0x1F,0xF4,0x00,0xDE,0xF7,0xEF,0xFE,0xDB,0x77,0xFB,0xEF,0xDF,0xFF,
  0xD7,0xF5,0x80,0xDC,0xF7,0xF7,0xFE,0xDB,0x77,0xF7,0xEF,0xDF,0xFF,0x17,0xF4,0x00,
  0xDD,0xF7,0xF7,0xFE,0xDB,0x77,0xFF,0xDF,0xDF,0xFF,0xDA,0x0D,0x80,0x9D,0xFB,0xFB,
  0xFE,0xDB,0x77,0xFF,0xDF,0xBF,0xFF,0xEF,0xFB,0x80,0xAB,0xFB,0xFB,0xFE,0xDB,0x77,
  0xFF,0xBF,0xBF,0xFF,0xF0,0x07,0x80,0x93,0xFB,0xFD,0xFE,0xE7,0x77,0xFF,0xBF,0xBF,
  0xFF,0xFA,0xAF,0x80,0x27,0xF8,0xFE,0xFF,0x7E,0xF7,0xFF,0x7F,0x7F,0xFF,0xFA,0xAF,
  0x80,0x4F,0xF8,0xFF,0x7F,0xBD,0xF7,0xFF,0xFF,0x7F,0xFF,0xFF,0xFF,0x80,0x1F,0xF8,
  0x7F,0xFF,0xC3,0xE7,0xFF,0xFE,0xFF,0xFF,0xFF,0xFF,0x80,0x3F,0xF0,0x7F,0xFF,0xFF,
  0xD7,0xFF,0xFE,0xFF,0xFF,0xFF,0xFF,0x80,0x7F,0xF0,0x3F,0xFF,0xFF,0xAF,0xFF,0xFD,
  0xFF,0xFF,0xFF,0xFF,0x80,0xFF,0xF4,0x00,0x7F,0xFF,0xEF,0xFF,0xFF,0xFF,0xFF,0xFF,
  0xFF,0x80,0xFF,0xF4,0x00,0x7F,0xFF,0xCF,0xFF,0xFF,0xFF,0xFF,0xFF,0xFF,0x80,0xFF,
  0xE7,0x00,0xFF,0xFF,0x8F,0xFF,0xFF,0xFF,0xFF,0xFF,0xFF,0x80,0xFF,0xEF,0xC3,0xFF,
  0x07,0x8F,0xFF,0xFF,0xFF,0xFF,0xFF,0xFF,0x80,0xFF,0xE7,0xFF,0xF9,0xFE,0x9F,0xFF,
  0xFF,0xFF,0xFF,0xFF,0xFF,0x80,0xFF,0xCF,0xFF,0xEF,0xFF,0x5F,0xFF,0xFF,0xFF,0xFF,
  0xFF,0xFF,0x80,0xFF,0xD7,0xFF,0xBF,0xFF,0x1F,0xFF,0xFF,0xFF,0xFF,0xFF,0xFF,0x80,
  0xFF,0xCF,0xFF,0xFF,0xFF,0x9F,0xFF,0xFF,0xFF,0xFF,0xFF,0xFF,0x80,0xFF,0x9F,0xFF,
  0xFF,0xFF,0xDF,0xFF,0xFF,0xFF,0xFF,0xFF,0xFF,0x80,0xFF,0xAF,0xFF,0xFF,0xFF,0xDF,
  0xFF,0xFF,0xFF,0xFF,0xFF,0xFF,0x80,0xFF,0x5F,0xFF,0xFF,0xFF,0xEF,0xFF,0xFF,0xFF,
  0xFF,0xFF,0xFF,0x80,0xFF,0x2F,0xFF,0xFF,0xFF,0xEF,0xFF,0xFF,0xFF,0xFF,0xFF,0xFF,
  0x80,0xFE,0x5F,0xE7,0xFF,0xFF,0xF7,0xFF,0xFF,0xFF,0xFF,0xFF,0xFF,0x80,0xFC,0xBF,
  0xFB,0xFF,0xFF,0xF7,0xFF,0xFF,0xFF,0xFF,0xFF,0xFF,0x80,0xFD,0x5F,0xFC,0xFF,0xFF,
  0xFB,0xFF,0xFF,0xFF,0xFF,0xFF,0xFF,0x80,0xFA,0xBF,0xFF,0x7F,0xFF,0xFB,0xFF,0xFF,
  0xFF,0xFF,0xFF,0xFF,0x80,0xF5,0x7F,0xFF,0x9F,0xFF,0xFD,0xFF,0xFF,0xFF,0xFF,0xFF,
  0xFF,0x80,0xF2,0xFF,0xD7,0xEF,0xFF,0xFD,0xFF,0xFF,0xFF,0xFF,0xFF,0xFF,0x80,0xE5,
  0xFF,0xA9,0xF3,0xFF,0xFD,0xFF,0xFF,0xFF,0xFF,0xFF,0xFF,0x80,0xCA,0xFF,0xD4,0x7D,
  0xFF,0xFD,0xFF,0xFF,0xFF,0xFF,0xFF,0xFF,0x80,0xD5,0xFF,0xEA,0x3E,0x7F,0xFD,0xFF,
  0xFF,0xFF,0xFF,0xFF,0xFF,0x80,0xAB,0xFF,0xF5,0x0F,0xBF,0xFD,0xFF,0xFF,0xFF,0xFF,
  0xFF,0xFF,0x80,0x57,0xFF,0xFA,0x87,0xC0,0x05,0xFF,0xFF,0xFF,0xFF,0xFF,0xFF,0x80,
  0x2F,0xFF,0xFD,0x41,0xFF,0xF3,0xFF,0xFF,0xFF,0xFF,0xFF,0xFF,0x80,0x7F,0xFF,0xFA,
  0xA0,0x7F,0xF7,0xFF,0xFF,0xFF,0xFF,0xFF,0xFF,0x80,0xFF,0xFF,0xFF,0x50,0x1F,0xEF,
  0xFF,0xFF,0xFF,0xFF,0xFF,0xFF,0x80,0xFF,0xFF,0xFF,0xA8,0x00,0x1F,0xFF,0xFF,0xFF,
  0xFF,0xFF,0xFF,0x80,0xFF,0xFF,0xFF,0xF4,0x05,0xFF,0xFF,0xFF,0xFF,0xFF,0xFF,0xFF,
  0x80,0xFF,0xFF,0xFF,0xFA,0x86,0xFF,0xFF,0xFF,0xFF,0xFF,0xFF,0xFF,0x80,0xFF,0xFF,
  0xFF,0xFD,0x56,0xFF,0xFF,0xFF,0xFF,0xFF,0xFF,0xFF,0x80,0xFF,0xFF,0xFF,0xFF,0xA6,
  0xFF,0xFF,0xFF,0xFF,0xFF,0xFF,0xFF,0x80,0xFF,0xFF,0xFF,0xFF,0xF7,0x7F,0xFF,0xFF,
  0xFF,0xFF,0xFF,0xFF,0x80,0xFF,0xFF,0xFF,0xFF,0xEF,0x7F,0xFF,0xFF,0xFF,0xFF,0xFF,
  0xFF,0x80,0xFF,0xFF,0xFF,0xFF,0xEF,0x7F,0xFF,0xFF,0xFF,0xFF,0xFF,0xFF,0x80,0xFF,
  0xFF,0xFF,0xFF,0xEF,0xBF,0xFF,0xFF,0xFF,0xFF,0xFF,0xFF,0x80,0xFF,0xFF,0xFF,0xFF,
  0xEF,0xBF,0xFF,0xFF,0xFF,0xFF,0xFF,0xFF,0x80
};
#define FZI_RFIDSend_W 97
#define FZI_RFIDSend_H 61

static const uint8_t FZI_RFIDChip[180] PROGMEM = {
  0x9F,0xFF,0xFF,0xFF,0xF8,0x98,0x00,0x00,0x00,0x18,0xB7,0xFF,0xFF,0xFF,0xE8,0x6C,
  0x00,0x00,0x00,0x30,0x5B,0xFF,0xFF,0xFF,0xD0,0x57,0xFC,0xA8,0x00,0xD0,0x57,0xFE,
  0xAB,0xFF,0x50,0x57,0xFE,0xAB,0xFF,0x50,0x57,0xFF,0xFF,0xFF,0x50,0x57,0xFE,0xAB,
  0xFF,0x50,0x57,0xFE,0xAB,0xFF,0x50,0x57,0xFC,0x01,0xFF,0x50,0x55,0xFB,0xFE,0xFD,
  0x50,0x56,0xF6,0x13,0x7B,0x50,0x57,0x45,0xF3,0x17,0x50,0x55,0xF5,0xFF,0x7D,0x50,
  0x56,0x47,0xFD,0x13,0x50,0x57,0xF5,0xFD,0x7F,0x50,0x56,0x47,0xFD,0x13,0x50,0x55,
  0xF5,0xFD,0x7D,0x50,0x57,0x45,0xFD,0x17,0x50,0x56,0xF6,0x83,0x7B,0x50,0x55,0xFB,
  0xFE,0xFD,0x50,0x57,0xFC,0x01,0xFF,0x50,0x57,0xFE,0xAB,0xFF,0x50,0x57,0xFE,0xAB,
  0xFF,0x50,0x57,0xFF,0xFF,0xFF,0x50,0x57,0xFE,0xAB,0xFF,0x50,0x57,0xFE,0xAB,0xFF,
  0x50,0x57,0xFC,0xA9,0xFF,0x50,0x57,0xFF,0xFF,0xFF,0x50,0x58,0x00,0x00,0x00,0xD0,
  0x5F,0xFF,0xFF,0xFF,0xD0,0x60,0x00,0x00,0x00,0x30,0xBF,0xFF,0xFF,0xFF,0xE8,0xC0,
  0x00,0x00,0x00,0x18
};
#define FZI_RFIDChip_W 37
#define FZI_RFIDChip_H 36

static const uint8_t FZI_NFCEmulate[448] PROGMEM = {
  0xFF,0xFF,0xFF,0xFF,0xFF,0x0F,0xE0,0xFF,0xFF,0xFF,0xFF,0xFF,0xF3,0xE0,0xFF,0xFF,
  0xFF,0xFF,0xFF,0xFC,0xE0,0xFF,0xFF,0x80,0x07,0xFF,0x8F,0x60,0xFF,0xFC,0x7F,0xF8,
  0x7F,0xF3,0x60,0xFF,0xF3,0xFF,0xFF,0x9F,0xFD,0xA0,0xFF,0xCF,0xFF,0xFF,0xE7,0xCD,
  0xA0,0xFF,0xBF,0xFF,0xFF,0xFB,0xF6,0xC0,0xFF,0x7F,0xFF,0xFF,0xFD,0xF6,0xC0,0xFE,
  0xFF,0xFF,0xFF,0xFE,0xFE,0xC0,0xFD,0xFF,0xFF,0xFF,0xFF,0x7F,0xC0,0xFB,0xFF,0xFF,
  0xFF,0xFF,0xBF,0xE0,0xFB,0xFF,0xFF,0xFF,0xC3,0xDF,0xE0,0xF7,0xFF,0xFF,0xFF,0xBD,
  0xDF,0xE0,0xF7,0xFF,0xFF,0xFF,0x7E,0xEF,0xE0,0xEF,0x9F,0xFF,0xFE,0xE7,0x6F,0xE0,
  0xEF,0x6F,0xEF,0xFE,0xDB,0x6F,0xE0,0xDE,0xF7,0xEF,0xFE,0xDB,0x77,0xE0,0xDC,0xF7,
  0xF7,0xFE,0xDB,0x77,0xE0,0xDD,0xF7,0xF7,0xFE,0xDB,0x77,0xE0,0x9D,0xFB,0xFB,0xFE,
  0xDB,0x77,0xE0,0xAB,0xFB,0xFB,0xFE,0xDB,0x77,0xE0,0x93,0xFB,0xFD,0xFE,0xE7,0x77,
  0xE0,0x27,0xF8,0xFE,0xFF,0x7E,0xF7,0xE0,0x4F,0xF8,0xFF,0x7F,0xBD,0xF7,0xE0,0x1F,
  0xF8,0x7F,0xFF,0xC3,0xE7,0xE0,0x3F,0xF0,0x7F,0xFF,0xFF,0xD7,0xE0,0x7F,0xF0,0x3F,
  0xFF,0xFF,0xAF,0xE0,0xFF,0xF4,0x00,0x7F,0xFF,0xEF,0xE0,0xFF,0xF4,0x00,0x7F,0xFF,
  0xCF,0xE0,0xFF,0xE7,0x00,0xFF,0xFF,0x8F,0xE0,0xFF,0xEF,0xC3,0xFF,0x07,0x8F,0xE0,
  0xFF,0xE7,0xFF,0xF9,0xFE,0x9F,0xE0,0xFF,0xCF,0xFF,0xEF,0xFF,0x5F,0xE0,0xFF,0xD7,
  0xFF,0xBF,0xFF,0x1F,0xE0,0xFF,0xCF,0xFF,0xFF,0xFF,0x9F,0xE0,0xFF,0x9F,0xFF,0xFF,
  0xFF,0xDF,0xE0,0xFF,0xAF,0xFF,0xFF,0xFF,0xDF,0xE0,0xFF,0x5F,0xFF,0xFF,0xFF,0xEF,
  0xE0,0xFF,0x2F,0xFF,0xFF,0xFF,0xEF,0xE0,0xFE,0x5F,0xE7,0xFF,0xFF,0xF7,0xE0,0xFC,
  0xBF,0xFB,0xFF,0xFF,0xF7,0xE0,0xFD,0x5F,0xFC,0xFF,0xFF,0xFB,0xE0,0xFA,0xBF,0xFF,
  0x7F,0xFF,0xFB,0xE0,0xF5,0x7F,0xFF,0x9F,0xFF,0xFD,0xE0,0xF2,0xFF,0xD7,0xEF,0xFF,
  0xFD,0xE0,0xE5,0xFF,0xA9,0xF3,0xFF,0xFD,0xE0,0xCA,0xFF,0xD4,0x7D,0xFF,0xFD,0xE0,
  0xD5,0xFF,0xEA,0x3E,0x7F,0xFD,0xE0,0xAB,0xFF,0xF5,0x0F,0xBF,0xFD,0xE0,0x57,0xFF,
  0xFA,0x87,0xC0,0x05,0xE0,0x2F,0xFF,0xFD,0x41,0xFF,0xF3,0xE0,0x7F,0xFF,0xFA,0xA0,
  0x7F,0xF7,0xE0,0xFF,0xFF,0xFF,0x50,0x1F,0xEF,0xE0,0xFF,0xFF,0xFF,0xA8,0x00,0x1F,
  0xE0,0xFF,0xFF,0xFF,0xF4,0x05,0xFF,0xE0,0xFF,0xFF,0xFF,0xFA,0x86,0xFF,0xE0,0xFF,
  0xFF,0xFF,0xFD,0x56,0xFF,0xE0,0xFF,0xFF,0xFF,0xFF,0xA6,0xFF,0xE0,0xFF,0xFF,0xFF,
  0xFF,0xF7,0x7F,0xE0,0xFF,0xFF,0xFF,0xFF,0xEF,0x7F,0xE0,0xFF,0xFF,0xFF,0xFF,0xEF,
  0x7F,0xE0,0xFF,0xFF,0xFF,0xFF,0xEF,0xBF,0xE0,0xFF,0xFF,0xFF,0xFF,0xEF,0xBF,0xE0
};
#define FZI_NFCEmulate_W 51
#define FZI_NFCEmulate_H 64

static const uint8_t FZI_NFCMove[156] PROGMEM = {
  0xFF,0xF8,0x1F,0xC0,0xFF,0xF7,0x6F,0xC0,0xFF,0xEE,0xF7,0xC0,0xFF,0xDD,0xFB,0xC0,
  0xFF,0xBB,0xFD,0xC0,0xFF,0xB7,0xFE,0xC0,0xFF,0x6F,0xFF,0x40,0xFF,0x6F,0xFF,0x40,
  0xFF,0x6F,0x03,0x80,0xFF,0x6E,0xFD,0x80,0xFF,0x6E,0xFD,0x80,0xFF,0x6E,0xFD,0x80,
  0xFF,0x6E,0xFD,0x80,0xFF,0x6E,0xFD,0x80,0xFF,0x6E,0xFD,0x80,0xF7,0x6E,0xFD,0x80,
  0xE7,0x6E,0xFD,0x80,0xC0,0x6E,0xFD,0x80,0x80,0x6E,0xFD,0x80,0x00,0x6E,0xFD,0x80,
  0x00,0x6E,0xFD,0x80,0x80,0x6F,0x03,0x80,0xC0,0x6F,0xFF,0x80,0xE7,0x6F,0xFF,0x80,
  0xF7,0x6E,0xC7,0x80,0xFF,0x6F,0xBB,0x80,0xFF,0x6F,0x7D,0x80,0xFF,0x6F,0x6D,0x80,
  0xFF,0x4F,0x6D,0x80,0xFF,0x4F,0x7D,0x80,0xFF,0x4F,0xBB,0x80,0xFF,0x4F,0xC7,0x80,
  0xFF,0x6F,0xFF,0x40,0xFF,0x6F,0x7F,0x40,0xFF,0x6E,0xBE,0xC0,0xFF,0x6F,0x7D,0xC0,
  0xFF,0x6F,0xFB,0xC0,0xFF,0xB7,0xF7,0xC0,0xFF,0xC0,0x0F,0xC0
};
#define FZI_NFCMove_W 26
#define FZI_NFCMove_H 39

static const uint8_t FZI_NFCManual[400] PROGMEM = {
  0xFF,0xF0,0x00,0x00,0x00,0x00,0x1F,0xF0,0xFF,0xCF,0xFF,0xFF,0xFF,0xFF,0xE7,0xF0,
  0xFF,0xB7,0x00,0x00,0x07,0xF0,0xFB,0xF0,0xFF,0x6E,0xFF,0xFF,0xFB,0xCF,0x3D,0xF0,
  0xFE,0xFE,0xFF,0xFF,0xFB,0xBF,0xDE,0xF0,0xFD,0xBE,0xFF,0xFF,0xFB,0x79,0xEF,0x70,
  0xFB,0x7E,0xFF,0xFF,0xFB,0x76,0xEF,0xB0,0xF7,0xFE,0xFF,0xFF,0xFB,0x76,0xEF,0xD0,
  0xED,0xFE,0xFF,0xFF,0xFB,0x79,0xEC,0xE0,0xDF,0xFE,0xFF,0xFF,0xFB,0xBF,0xDB,0x60,
  0xBD,0xFE,0xFF,0xFF,0xFB,0xCF,0x3B,0x60,0x7E,0xFE,0xFF,0xFF,0xFB,0xF0,0xFC,0xE0,
  0x7F,0x7F,0x00,0x00,0x06,0xFF,0xFF,0xE0,0x3F,0xBF,0xFF,0xFF,0xFF,0xFF,0xFF,0xE0,
  0x5F,0xDF,0xFF,0xFF,0xFF,0xFF,0xFF,0xA0,0x6F,0xF4,0xFC,0x63,0xEF,0xC2,0x4E,0x60,
  0x77,0xFF,0xFF,0xFF,0xFF,0xFF,0xFF,0xE0,0x7B,0xFF,0xFF,0xFF,0xFF,0xFF,0xFF,0xE0,
  0xBD,0xFF,0xFF,0xFF,0xFF,0xFF,0xFF,0xE0,0xDE,0x7F,0xFF,0xFF,0xFF,0xFF,0xFF,0xC0,
  0xEF,0x80,0x00,0x00,0x00,0x00,0x00,0x20,0xF7,0xFF,0xFF,0xFF,0xFF,0xFF,0xFF,0xC0,
  0xFB,0xFF,0xFF,0xFF,0xFF,0xF0,0x1F,0x80,0xFD,0xFF,0xFF,0xFF,0xFF,0xFF,0xFF,0x80,
  0xFE,0x7F,0xFF,0xFF,0xFF,0xFF,0xFF,0xD0,0xFF,0x80,0x00,0x00,0x00,0x00,0x00,0x30,
  0xFF,0xFF,0xFF,0xF8,0x3F,0xFF,0xFF,0xF0,0xFF,0xFF,0xFF,0xF8,0x3F,0xFF,0xFF,0xF0,
  0xFF,0xC0,0x00,0x00,0x00,0x00,0x1F,0xF0,0xFF,0xBF,0xFF,0xF8,0x3F,0xFF,0xEF,0xF0,
  0xFF,0xBF,0xFF,0xF8,0x3F,0xFF,0xEF,0xF0,0xFF,0xBF,0xFF,0xF8,0x3F,0xFF,0xEF,0xF0,
  0xFF,0xBF,0xFF,0xF8,0x3F,0xFF,0xEF,0xF0,0xFF,0xBF,0xFF,0xF8,0x3F,0xFF,0xEF,0xF0,
  0xFF,0xBF,0xFF,0xC0,0x07,0xC0,0xEF,0xF0,0xFF,0xBF,0xFF,0xE0,0x0F,0xB3,0x6F,0xF0,
  0xFF,0xBF,0xFF,0xF0,0x1F,0xAD,0x6F,0xF0,0xFF,0xBF,0xFF,0xF8,0x3F,0xAD,0x6F,0xF0,
  0xFF,0xBF,0xFF,0xFC,0x7F,0xB3,0x6F,0xF0,0xFF,0xBF,0xFF,0xFE,0xFF,0xC0,0xEF,0xF0,
  0xFF,0xBF,0xFF,0xFF,0xFF,0xFF,0xEF,0xF0,0xFF,0xBF,0xFF,0xFF,0xFF,0xFF,0xEF,0xF0,
  0xFF,0xBF,0xFF,0xFF,0xFF,0xFF,0xEF,0xF0,0xFF,0xB0,0x01,0x80,0x01,0xFF,0xEF,0xF0,
  0xFF,0xBF,0xFF,0xFF,0xFF,0xFF,0xEF,0xF0,0xFF,0xB0,0x60,0xFF,0xFF,0xFF,0xEF,0xF0,
  0xFF,0xBF,0xFF,0xFF,0xFF,0xFF,0xEF,0xF0,0xFF,0xBF,0xFF,0xFF,0xFF,0xFF,0xEF,0xF0,
  0xFF,0x80,0x00,0x00,0x00,0x00,0x0F,0xF0,0xFF,0xC0,0x00,0x00,0x00,0x00,0x1F,0xF0
};
#define FZI_NFCManual_W 60
#define FZI_NFCManual_H 50

static const uint8_t FZI_NFCReader[102] PROGMEM = {
  0x80,0x01,0xC0,0x1F,0xFE,0xC0,0x2D,0xFB,0x40,0x37,0xFF,0x80,0x34,0x00,0x80,0x38,
  0x00,0x00,0x30,0xFC,0x00,0x30,0x00,0x00,0x30,0x00,0x00,0x30,0x00,0x00,0x30,0x00,
  0x00,0x30,0xFC,0x00,0x31,0x02,0x00,0x32,0x79,0x00,0x30,0x84,0x00,0x30,0x00,0x00,
  0x30,0x30,0x00,0x30,0x30,0x00,0x30,0x00,0x00,0x30,0x84,0x00,0x32,0x79,0x00,0x31,
  0x02,0x00,0x30,0xFC,0x00,0x30,0x00,0x00,0x30,0x00,0x00,0x30,0x00,0x00,0x30,0x00,
  0x00,0x38,0x00,0x00,0x34,0x00,0x80,0x37,0xFF,0x80,0x2D,0xFB,0x40,0x1F,0xFE,0xC0,
  0x00,0x01,0xC0,0x80,0x03,0xC0
};
#define FZI_NFCReader_W 18
#define FZI_NFCReader_H 34

static const uint8_t FZI_SubGhzScan[624] PROGMEM = {
  0xFF,0xFF,0xFF,0xFF,0xFF,0xFF,0xFF,0xFF,0xFF,0xFF,0xFF,0xFF,0xFF,0xFF,0xFF,0xFF,
  0xFF,0xFF,0xFF,0xFF,0xFF,0xFF,0xFF,0xFF,0xFF,0xFF,0xFF,0xFF,0xFF,0xFF,0xFF,0xFF,
  0xFF,0xFF,0xFF,0xFF,0xFF,0xFC,0x00,0xFF,0xFF,0xFF,0xFF,0xFF,0xFF,0xFF,0xFF,0xFF,
  0xFF,0xF0,0xFF,0x1F,0xFF,0xFF,0xFF,0xFF,0x3F,0xFF,0xFF,0xFF,0xFF,0xCA,0x3F,0xE7,
  0xFF,0xFF,0xFF,0xFF,0x3F,0xFF,0xFF,0xFF,0xFF,0x95,0x5F,0xF9,0xFF,0xFF,0xFF,0xFE,
  0xBF,0xFF,0xFF,0xFF,0xFF,0x7E,0xAF,0xFE,0xFF,0xFF,0xFF,0xFE,0xBF,0xFF,0xFF,0xFF,
  0xFE,0xFF,0x57,0xFF,0x7F,0xFF,0xFF,0xFD,0xBF,0xFF,0xFF,0xFF,0xFD,0xFF,0xE3,0xFF,
  0xBF,0xFF,0xFF,0xFD,0xBF,0xFF,0xFF,0xFF,0xFB,0xFF,0xD1,0xFF,0xDF,0xFF,0xFF,0xFD,
  0xBE,0x7F,0xFF,0xFF,0xFB,0xFF,0xE9,0xFF,0xDF,0xFF,0xFF,0xFB,0xBE,0xBF,0x9F,0xFF,
  0xF7,0xFF,0xF4,0xF8,0x0F,0xFF,0xFF,0xFB,0xBE,0xBF,0xAF,0xCF,0xF7,0xFF,0xFA,0xC7,
  0xF7,0xFF,0xFF,0xFB,0xBE,0xBF,0xAF,0xD7,0xEF,0xF8,0x34,0x3F,0xF7,0xFF,0xFF,0xF7,
  0xBE,0xBF,0xAF,0xD7,0xEF,0xF6,0x1A,0xFD,0xDB,0xFF,0xFF,0xF7,0xBE,0xBF,0xAF,0xD7,
  0xEF,0xEC,0x01,0xDE,0xEB,0xFF,0xFF,0xF7,0xDE,0xBF,0xAF,0x00,0xEE,0x19,0x83,0xEE,
  0xEB,0xFF,0xFF,0xF7,0xDE,0xA0,0x00,0x00,0xDD,0xD9,0x8B,0xEE,0xEB,0xFF,0xFF,0xF7,
  0xC0,0x0A,0x00,0x57,0xDD,0xD8,0x0B,0xEE,0xAB,0xFF,0xFF,0xE7,0xD4,0x04,0x07,0xD7,
  0xDD,0xD8,0x0B,0xF5,0x00,0xFF,0x80,0x07,0xC8,0x03,0xAF,0xD7,0xDD,0xDC,0x0B,0xA8,
  0xFF,0x7F,0x7F,0xA7,0xC0,0xBF,0xAF,0xD7,0xDE,0xEE,0x0B,0x47,0xFF,0xBE,0x41,0x87,
  0xDE,0xBF,0xAF,0xE7,0x9E,0x07,0x9C,0x9F,0xFF,0xDE,0x41,0x97,0xDE,0xBF,0xAF,0xFF,
  0x9D,0x50,0x3C,0x7F,0xFF,0xDD,0x7F,0xBB,0xDE,0xBF,0xCF,0xFF,0x1E,0xAF,0xC1,0xFF,
  0xFF,0xDD,0x3F,0xBB,0xEE,0xBF,0xFF,0xFF,0x5D,0x5F,0xEF,0xFF,0x81,0xDA,0x3F,0xBD,
  0xEE,0xBF,0xFF,0xFF,0x9E,0x9F,0xFF,0xFC,0x7E,0x5A,0x1F,0xBD,0xEF,0x3F,0xFF,0xFF,
  0x5F,0xFF,0xFF,0xF3,0xFF,0xB4,0x00,0x7E,0xEF,0xFF,0xFF,0xFF,0x9F,0xFF,0xFF,0xCF,
  0xFF,0xB4,0x07,0xFE,0xEF,0xFF,0xFF,0xFF,0x5F,0xFE,0xFF,0x3F,0xFF,0x74,0x07,0xFF,
  0x6F,0xFF,0xFF,0xFF,0x9F,0xFF,0x78,0xFF,0xFE,0x68,0x0F,0xFF,0xB7,0xFF,0xFF,0xFF,
  0x5F,0xFF,0x87,0xFF,0xFC,0xE8,0x0F,0xFF,0xD7,0xFF,0xFF,0xFF,0x9F,0xFF,0xFF,0xFF,
  0xF1,0x88,0x0F,0xFF,0xE7,0xFF,0xFF,0xFF,0x1F,0xFF,0xFF,0xFF,0xC3,0x60,0x0F,0xFF,
  0xFF,0xFF,0xFF,0xFF,0x3F,0xFF,0xFF,0xAA,0x06,0xF0,0x0F,0xFF,0xFF,0xFF,0xFF,0xFF,
  0x7F,0xFD,0x55,0x40,0x05,0xF0,0x17,0xFF,0xFF,0xFF,0xFF,0xFF,0x3F,0xFE,0xA8,0x00,
  0x03,0xF8,0x17,0xFF,0xFF,0xFF,0xFF,0xFF,0x7F,0xFD,0x54,0x00,0x07,0xF8,0x17,0xFF,
  0xFF,0xFF,0xFF,0xFF,0xBF,0xFE,0xAA,0x00,0x0F,0xF8,0x37,0xFF,0xFF,0xFF,0xFF,0xFF,
  0x7F,0xFF,0x55,0x55,0x3F,0xF0,0x57,0xFF,0xFF,0xFF,0xFF,0xFF,0xBF,0xFF,0xAA,0xAA,
  0xFF,0xF2,0xAF,0xFF,0xFF,0xFF,0xFF,0xFF,0x7F,0xFF,0xD5,0x51,0xFF,0xE5,0x4F,0xFF,
  0xFF,0xFF,0xFF,0xFF,0xBF,0xFF,0xEA,0x0F,0xFF,0xEA,0x9F,0xFF,0xFF,0xFF,0xFF,0xFF,
  0x5F,0xFF,0xC1,0xFF,0xFF,0xC5,0x3F,0xFF,0xFF,0xFF,0xFF,0xFF,0xBF,0xFF,0xFF,0xFF,
  0xFF,0x8A,0x7F,0xFF,0xFF,0xFF,0xFF,0xFF,0x5F,0xFF,0xFF,0xFF,0xFF,0x14,0xFF,0xFF,
  0xFF,0xFF,0xFF,0xFF,0xAF,0xFF,0xFF,0xFF,0xFE,0x21,0xFF,0xFF,0xFF,0xFF,0xFF,0xFF,
  0x57,0xFF,0xFF,0xFF,0xFC,0x07,0xFF,0xFF,0xFF,0xFF,0xFF,0xFF,0xAB,0xFF,0xFF,0xFF,
  0xF0,0x1F,0xFF,0xFF,0xFF,0xFF,0xFF,0xFF,0x55,0xFF,0xFF,0xFF,0xC0,0x7F,0xFF,0xFF,
  0xFF,0xFF,0xFF,0xFF,0xAA,0xFF,0xFF,0xFF,0x07,0xFF,0xFF,0xFF,0xFF,0xFF,0xFF,0xFF
};
#define FZI_SubGhzScan_W 96
#define FZI_SubGhzScan_H 52

static const uint8_t FZI_BLEPairing[1024] PROGMEM = {
  0xFF,0xFF,0xFF,0xFF,0xFF,0xFF,0xFF,0xFF,0xFF,0xFF,0xFF,0xFF,0xFF,0xFF,0x8F,0xFF,
  0xFF,0xFF,0xFF,0xFF,0xFF,0xFF,0xFF,0xFF,0xFF,0xFF,0xFF,0xFF,0xFF,0xFF,0x7F,0xFF,
  0xFF,0xFF,0xFF,0xFF,0xFF,0xFF,0xFF,0xFF,0xFF,0xFF,0xFF,0xFF,0xFF,0xFE,0xFF,0xFF,
  0xFF,0xFF,0xFF,0xFF,0xFF,0xFF,0xFF,0xFF,0xFF,0xFF,0xFF,0xFF,0xFF,0xFD,0xFF,0xFF,
  0xFF,0xFF,0xFF,0xFF,0xFF,0xFF,0xFF,0xFF,0xFF,0xFF,0xFF,0xFF,0xFF,0xFB,0xFF,0xEF,
  0xFF,0xFF,0xFF,0xFF,0xFF,0xFF,0xFF,0xFF,0xFF,0xFF,0xFF,0xFF,0xFF,0xFB,0xFF,0xF3,
  0xFF,0xFF,0xFF,0xFF,0xFF,0xFF,0xFF,0xFF,0xFF,0xFF,0xFF,0xFF,0xFF,0xF7,0xFF,0xFC,
  0xFF,0xFF,0xFF,0xFF,0xFF,0xFF,0xFF,0xFF,0xFF,0xFF,0xFF,0xFF,0xFF,0xF7,0xFF,0xFF,
  0xFF,0xFF,0xFF,0xFF,0xFF,0xFF,0xFF,0xFF,0xFF,0xFF,0xFF,0xFF,0xFF,0xEF,0xFF,0xFF,
  0xFF,0xFF,0xFF,0xFF,0xFF,0xFF,0xFF,0xFF,0xFF,0xFF,0xFF,0xFF,0xFF,0xEF,0xFF,0xFF,
  0xFF,0xFF,0xFF,0xFF,0xFF,0xFF,0xFF,0xFF,0xFF,0xFF,0xFF,0xFF,0xFF,0xE5,0x7F,0xC3,
  0xFF,0xFF,0xFF,0xFF,0xFF,0xFF,0xFF,0xFF,0xFF,0xFF,0xFF,0xFF,0xFE,0x0A,0xAF,0xC4,
  0xFF,0xFF,0xFF,0xFF,0xFF,0xFF,0xFF,0xFF,0xFF,0xFF,0xFF,0xFF,0xF9,0xF0,0x17,0xE0,
  0xFF,0xFF,0xFF,0xFF,0xFF,0xFF,0xFF,0xFF,0xFF,0xFF,0xFF,0xFF,0xF7,0xFF,0xC3,0xF0,
  0xFF,0xFF,0xFF,0xFF,0xFF,0xFF,0xFF,0xFF,0xFF,0xFF,0xFF,0xFF,0xEF,0xFF,0xF8,0xFF,
  0xFF,0xFF,0xFF,0xFF,0xFF,0xFF,0xFF,0xFF,0xFF,0xFF,0xFF,0xFF,0xEF,0xFF,0xFF,0xFF,
  0xFF,0xFF,0xFF,0xFF,0xFF,0xFF,0xFF,0xFF,0xFF,0xFF,0xFF,0xFF,0xD8,0x7F,0xFF,0xFF,
  0xFF,0xFF,0xFF,0xFF,0xFF,0xFF,0xFF,0xFF,0xFF,0xFF,0xFF,0xFF,0xD7,0x8F,0xFF,0xFF,
  0xFF,0xFF,0xFF,0xFF,0xFF,0xFF,0xFF,0xFF,0xFF,0xFF,0xFF,0xFF,0xCF,0xF3,0xFF,0xFF,
  0xFF,0xFF,0xFF,0xFF,0xFF,0xFF,0xFF,0xFF,0xFF,0xFF,0xFF,0xFF,0xEF,0xFC,0xFF,0xFF,
  0xFF,0xFF,0xFF,0xFF,0xFF,0xFF,0xFF,0xFF,0xFF,0xFF,0xFF,0xFF,0xF7,0xFF,0x3F,0xFF,
  0xFF,0xFF,0xFF,0xFF,0xFF,0xFF,0xFF,0xFF,0xFF,0xFF,0xFF,0xFF,0xFB,0xFF,0xC7,0xFF,
  0xFF,0xFF,0xFF,0xFF,0xFF,0xFF,0xFF,0xFF,0xFF,0xFF,0xFF,0xFF,0xFD,0xFF,0xF8,0x3D,
  0xFF,0xFF,0xFF,0xFF,0xFF,0xFF,0xFF,0xFF,0xFF,0xFF,0xFF,0xFF,0xFE,0x7F,0xFF,0xE3,
  0xFF,0xFF,0xFF,0xFF,0xFF,0xFF,0xFF,0xFF,0xFF,0xFF,0xFF,0xFF,0xFF,0x9B,0xFF,0xFF,
  0xFF,0xFF,0xFF,0xFF,0xFF,0xFF,0xFF,0xFF,0xFF,0xFF,0xFF,0xFF,0xFF,0xE5,0x7F,0xFF,
  0xFF,0xFF,0xFF,0xFF,0xFF,0xFF,0xFF,0xFF,0xFF,0xFF,0xFF,0xFF,0xFF,0xF0,0xAB,0xFF,
  0xFF,0xFF,0xFF,0xFF,0xFF,0xFF,0xFF,0xFF,0xFF,0xFF,0xFF,0xFF,0xFF,0xF8,0x55,0x7F,
  0xFF,0xFF,0x00,0x7F,0xFF,0xFF,0xFF,0xFF,0xFF,0xFF,0xFF,0xFF,0xFF,0xFE,0x02,0xB3,
  0xFF,0xF8,0xFF,0x81,0xFF,0xFF,0xFF,0xFF,0xFF,0xFF,0xFF,0xFF,0xFF,0xFC,0x00,0x1F,
  0xFF,0xF7,0xFF,0xFE,0x00,0xFF,0xFF,0xFF,0xFF,0xFF,0xFF,0xFF,0xFF,0xF0,0x00,0x3F,
  0xFF,0xCF,0xFF,0xFF,0xFF,0x7F,0xFF,0xFE,0x7F,0xFF,0xFF,0xFF,0xFF,0xC5,0x00,0xFF,
  0xFF,0x3F,0xFF,0xFF,0xFF,0xBF,0xFF,0xFE,0x3F,0xFF,0xFF,0xFF,0xFF,0x2A,0x85,0xFF,
  0xFC,0xFF,0xFF,0xFF,0xFF,0xCF,0xFF,0xDE,0x1F,0xFF,0xFF,0xFF,0xFC,0xD5,0xEB,0xFF,
  0xF3,0xFF,0xFF,0xFF,0xFF,0xF3,0xFF,0xCE,0x4F,0xFF,0xFF,0xFF,0x83,0xFE,0xBF,0xFF,
  0xCF,0xFF,0xFF,0xFF,0xFF,0xFD,0xFF,0xE6,0x67,0xFF,0xFF,0xE0,0x7F,0xFD,0xF7,0xFF,
  0x3F,0xFF,0xFF,0xFF,0xFB,0xFE,0xFF,0xF2,0x73,0xFF,0xF0,0x1F,0xFF,0xFE,0xFF,0xFF,
  0xFF,0xF8,0x1F,0xFD,0x70,0x7F,0x7F,0xF8,0x67,0x00,0x0F,0xFF,0xFF,0xFF,0xFF,0xFF,
  0xFF,0xD5,0x07,0xFE,0xC0,0x1F,0xBF,0xFC,0x4F,0x7F,0xFF,0xFF,0xFF,0xFB,0xBF,0xFF,
  0xFE,0xAE,0x23,0xFF,0x00,0x07,0xDF,0xFE,0x1F,0x7F,0xFF,0xFF,0xFF,0xFF,0xFF,0xFF,
  0xFF,0xDD,0x41,0xFF,0x00,0x03,0xEF,0xFE,0x3F,0xBF,0xFF,0xFF,0xFF,0xFA,0xEF,0xFF,
  0xFF,0xBA,0x81,0xFF,0xB0,0x00,0xF7,0xFE,0x1F,0xDF,0xE7,0xFF,0xFF,0xFD,0xFF,0xFF,
  0xFF,0xF5,0x1E,0xFF,0xC0,0x03,0x79,0xFC,0x4F,0xE7,0x8F,0xFF,0xFF,0xFA,0xBF,0xFF,
  0xFF,0xAA,0x7F,0x7F,0xF0,0x03,0x9E,0x78,0x67,0xFB,0xDF,0xFF,0xFF,0xFD,0x7F,0xFF,
  0xFD,0x54,0xFF,0xBF,0xFC,0x81,0xEF,0x72,0x73,0xFD,0xBF,0xCF,0xFF,0xFA,0xAF,0xFF,
  0xFF,0xA9,0xFF,0xC1,0xFE,0xC0,0xF0,0xE6,0x67,0xFD,0xBE,0x05,0x55,0x55,0x7F,0xFF,
  0xF5,0x53,0xFF,0xFE,0x7F,0x60,0xFF,0xCE,0x4F,0xFE,0xC0,0x82,0xAA,0xAA,0xAF,0xFF,
  0xFF,0xA7,0xFF,0xFF,0x9F,0xA0,0xFF,0xDE,0x1F,0xFE,0xF5,0x00,0x05,0x50,0x5F,0xFF,
  0xD5,0x4F,0xFF,0xFF,0xE7,0xB0,0x7F,0xFE,0x3F,0xFF,0x78,0x7F,0x80,0x00,0xAB,0xFF,
  0xFE,0x9F,0xFF,0xFF,0xE1,0xB0,0x7F,0xFE,0x7F,0xFF,0x83,0xFF,0xFF,0xFC,0x5F,0xFF,
  0x55,0x3F,0xFF,0xFF,0xE2,0x79,0xFF,0xFF,0xFF,0xFF,0xFF,0xFF,0xFF,0xFE,0x2B,0xFF,
  0xFA,0x7F,0xFF,0xFF,0xE3,0xFF,0xFF,0xFF,0xFF,0xFF,0xFF,0xFF,0xFF,0xFF,0x57,0xFF,
  0x54,0xFF,0xFF,0xFF,0xF3,0xFF,0xFF,0xFF,0xFF,0xFF,0xFF,0xFF,0xFF,0xFF,0x2B,0xFF,
  0xE9,0xFF,0xFF,0xFF,0xFF,0xFF,0xFF,0xFF,0xFF,0xFF,0xFF,0xFF,0xFF,0xFF,0x97,0xFF,
  0x57,0xFF,0xFF,0xFF,0xFF,0xFF,0xFF,0xFF,0xFF,0xFF,0xFF,0xFF,0xFF,0xFF,0xCB,0xFF,
  0x8F,0xFF,0xFF,0xFF,0xFF,0xFF,0xFF,0xFF,0xFF,0xFF,0xFF,0xFF,0xFF,0xFF,0xD5,0xFF,
  0x3F,0xFF,0xFF,0xFF,0xFF,0xFF,0xFF,0xFF,0xFF,0xFF,0xFF,0xFF,0xFF,0xFF,0xEB,0xFF,
  0x7F,0xFF,0xFF,0xFF,0xFF,0xFF,0xFF,0xFF,0xFF,0xFF,0xFF,0xFF,0xFF,0xFF,0xF5,0xFF,
  0xFF,0xFF,0xFF,0xFF,0xFF,0xFF,0xFF,0xFF,0xFF,0xFF,0xFF,0xFF,0xFF,0xFF,0xF2,0xFF,
  0xFF,0xFF,0xFF,0xFF,0xFF,0xFF,0xFF,0xFF,0xFF,0xFF,0xFF,0xFF,0xFF,0xFF,0xF9,0x7F,
  0xFF,0xFF,0xFF,0xFF,0xFF,0xFF,0xFF,0xFF,0xFF,0xFF,0xFF,0xFF,0xFF,0xFF,0xFC,0xBF,
  0xFF,0xFF,0xFF,0xFF,0xFF,0xFF,0xFF,0xFF,0xFF,0xFF,0xFF,0xFF,0xFF,0xFF,0xFE,0x5F,
  0xFF,0xFF,0xFF,0xFF,0xFF,0xFF,0xFF,0xFF,0xFF,0xFF,0xFF,0xFF,0xFF,0xFF,0xFF,0x2F,
  0xFF,0xFF,0xFF,0xFF,0xFF,0xFF,0xFF,0xFF,0xFF,0xFF,0xFF,0xFF,0xFF,0xFF,0xFF,0x97
};
#define FZI_BLEPairing_W 128
#define FZI_BLEPairing_H 64

static const uint8_t FZI_IRLearn[496] PROGMEM = {
  0xFF,0xFF,0xFF,0xFF,0xFF,0xFF,0xFF,0xFF,0xFF,0x80,0x00,0x00,0x00,0x00,0x00,0x1F,
  0xFF,0xFF,0xFF,0xFF,0xFF,0xFF,0xFF,0xFF,0xFF,0x7F,0xFF,0xFF,0xFF,0xFF,0xFF,0xEF,
  0xFF,0xFF,0xFF,0xFF,0xFF,0xFF,0xFF,0xFF,0xF8,0xFF,0xFF,0xFF,0xFF,0xFF,0xFF,0xF7,
  0xFF,0xFF,0xFF,0xFF,0xFF,0xFF,0xFF,0xFF,0xF6,0xFF,0xFF,0xFF,0xFF,0xFF,0xFF,0xFB,
  0xFF,0xFF,0xFF,0xFF,0xFF,0xFF,0xFF,0xFF,0xED,0xFF,0xFF,0xFF,0xFF,0xFF,0xFF,0xFD,
  0xF0,0x00,0x00,0x00,0x00,0x7F,0xFD,0xFF,0xEB,0xFE,0x00,0x00,0x00,0xFF,0x07,0xFD,
  0xEF,0xFF,0xFF,0xFF,0xFF,0xBF,0xFE,0xFF,0xDB,0xFC,0xAA,0xAA,0xAA,0x7C,0x01,0xFE,
  0xDF,0xFF,0xFF,0xFF,0xF9,0xDF,0xEF,0x7F,0xB7,0xFD,0x55,0x55,0x55,0x78,0x20,0xFF,
  0xDF,0xCF,0xF2,0x49,0x36,0xDF,0xF7,0x7F,0xAF,0xFC,0x80,0xAA,0xAA,0x70,0x70,0x7F,
  0xDF,0xCF,0xF2,0x49,0x36,0xDF,0xFB,0xBF,0x6F,0xFD,0x3F,0x55,0x55,0x70,0x00,0x7F,
  0xDF,0xCF,0xF3,0xFF,0xF9,0xDF,0xBB,0xBF,0x5F,0xFC,0x7F,0xAA,0xAA,0x60,0x70,0x3F,
  0xDF,0xFF,0xFE,0x49,0x3F,0xC7,0xDB,0xBF,0xBF,0xFC,0xC7,0x85,0x55,0x62,0x8A,0x3F,
  0xDC,0x48,0xF2,0x49,0x3F,0xDB,0xDB,0xBF,0xBF,0xFD,0xC7,0x9A,0xAA,0x66,0x8B,0x3F,
  0xDC,0x48,0xF3,0xFF,0xFF,0xDB,0xDB,0xBF,0x7F,0xFD,0xC7,0x71,0x55,0x62,0x8A,0x3F,
  0xDF,0xFF,0xF2,0x49,0x3F,0xC7,0xDB,0xBE,0xFF,0xFD,0xFF,0xE2,0xAA,0x60,0x70,0x39,
  0xDF,0xCF,0xFE,0x49,0x39,0xDF,0xBB,0xBE,0xFF,0xFD,0xFB,0xC5,0x55,0x70,0x00,0x70,
  0xDF,0xCF,0xFF,0xFF,0xF0,0xDF,0xFB,0xBD,0xFF,0xFD,0xFC,0x02,0xAA,0x70,0x70,0x60,
  0xDF,0xCE,0x10,0x84,0x30,0xDF,0xF7,0x7D,0xFF,0xFD,0xFF,0x81,0x55,0x78,0x20,0xE0,
  0xDF,0xFE,0x10,0x84,0x39,0xDF,0xEF,0x7D,0xFF,0xFD,0xFF,0xF2,0xAA,0x7C,0x01,0xF0,
  0xEF,0xFF,0xFF,0xFF,0xFF,0xBF,0xFE,0xFD,0xFF,0xFD,0xFE,0x05,0x55,0x4F,0x07,0xF9,
  0xF0,0x00,0x00,0x00,0x00,0x7F,0xFD,0xFE,0xFF,0xFE,0x00,0x00,0x00,0xCF,0xFF,0xFF,
  0xFF,0xFF,0xFF,0xFF,0xFF,0xFF,0xFF,0xFE,0xFF,0xFF,0xFF,0xFF,0xFF,0xFF,0xFF,0xFF,
  0xFF,0xFF,0xFF,0xFF,0xFF,0xFF,0xFF,0xFF,0x7F,0xFF,0xFF,0xFF,0xFF,0xFF,0xFF,0xFF,
  0xFF,0xFF,0xFF,0xFF,0xFF,0xFF,0xFF,0xFF,0xBF,0xFF,0xFF,0xFF,0xFF,0xFF,0xFF,0xFF,
  0xFF,0xFF,0xFF,0xFF,0xFF,0xFF,0xFF,0xFF,0xDF,0xFF,0xFF,0xFF,0xFF,0xFF,0xFF,0xFF,
  0xFF,0xFF,0xFF,0xFF,0xFF,0xFF,0xFF,0xFF,0xEF,0xFF,0xFF,0xFF,0xFF,0xFF,0xFF,0xFF,
  0xFF,0xFF,0xFF,0xFF,0xFF,0xFF,0xFF,0xFF,0xF7,0xFF,0xFF,0xFF,0xFF,0xFF,0xFF,0xFF,
  0xFF,0xFF,0xFF,0xFF,0xFF,0xFF,0xFF,0xFF,0xFB,0xFF,0xFF,0xFF,0xFF,0xFF,0xFF,0xFF,
  0xFF,0xFF,0xFF,0xFF,0xFF,0xFF,0xFF,0xFF,0xFC,0x00,0x00,0x00,0x00,0x00,0x00,0x00,
  0xFF,0xFF,0xFF,0xFF,0xFF,0xFF,0xFF,0xFF,0xFF,0xFF,0xFF,0xFF,0xFF,0xFF,0xFF,0xFF,
  0xFF,0xFF,0xFF,0xFF,0xFF,0xFF,0xFF,0xFF,0xFF,0xFF,0xFF,0xFF,0xFF,0xFF,0xFF,0xFF
};
#define FZI_IRLearn_W 128
#define FZI_IRLearn_H 31

// ---- Animasyon Ikonlari ----
static const uint8_t FZI_Levelup1_F0[1024] PROGMEM = {
  0x00,0x00,0x00,0x00,0x00,0x00,0x00,0x00,0x00,0x00,0x00,0x00,0x00,0x00,0x00,0x00,
  0x00,0x00,0x00,0x00,0x00,0x00,0x00,0x00,0x00,0x00,0x00,0x00,0x00,0x00,0x00,0x00,
  0x00,0x00,0x00,0x00,0x00,0x00,0x00,0x00,0x00,0x00,0x00,0x00,0x00,0x00,0x00,0x00,
  0x00,0x00,0x00,0x00,0x00,0x00,0x00,0x00,0x00,0x00,0x00,0x00,0x00,0x00,0x00,0x00,
  0x00,0x00,0x00,0x00,0x00,0x00,0x00,0x00,0x00,0x00,0x00,0x00,0x00,0x00,0x00,0x00,
  0x00,0x00,0x00,0x00,0x00,0x00,0x00,0x00,0x00,0x00,0x00,0x00,0x00,0x00,0x00,0x00,
  0x00,0x00,0x00,0x00,0x00,0x00,0x00,0x00,0x00,0x00,0x00,0x00,0x00,0x00,0x00,0x00,
  0x00,0x00,0x00,0x00,0x00,0x00,0x00,0x00,0x00,0x00,0x00,0x00,0x00,0x00,0x00,0x00,
  0x00,0x00,0x00,0x00,0x00,0x00,0x00,0x00,0x00,0x00,0x00,0x00,0x00,0x00,0x00,0x00,
  0x00,0x00,0x00,0x00,0x00,0x00,0x00,0x00,0x00,0x00,0x00,0x00,0x00,0x00,0x00,0x00,
  0x00,0x00,0x00,0x00,0x00,0x00,0x00,0x00,0x00,0x00,0x00,0x00,0x00,0x00,0x00,0x00,
  0x00,0x00,0x00,0x00,0x00,0x00,0x00,0x00,0x00,0x00,0x00,0x00,0x00,0x00,0x00,0x00,
  0x00,0x00,0x00,0x00,0x00,0x00,0x00,0x00,0x00,0x00,0x00,0x00,0x00,0x00,0x00,0x00,
  0x00,0x00,0x00,0x00,0x00,0x00,0x00,0x00,0x00,0x00,0x00,0x00,0x00,0x00,0x00,0x00,
  0x00,0x00,0x00,0x00,0x00,0x3F,0xE0,0x00,0x00,0x00,0x00,0x00,0x00,0x00,0x00,0x00,
  0x00,0x00,0x00,0x00,0x01,0xC0,0x1C,0x00,0x00,0x00,0x00,0x00,0x00,0x00,0x00,0x00,
  0x00,0x00,0x00,0x00,0x06,0x3F,0xE3,0x00,0x00,0x00,0x00,0x00,0x00,0x00,0x00,0x00,
  0x00,0x00,0x00,0x00,0x19,0xFF,0xFC,0xC0,0x00,0x00,0x00,0x00,0x00,0x00,0x00,0x00,
  0x00,0x00,0x00,0x00,0x27,0xFF,0xFF,0x20,0x00,0x00,0x00,0x00,0x00,0x00,0x00,0x00,
  0x00,0x00,0x00,0x00,0x5F,0xFF,0xFF,0xD0,0x00,0x00,0x00,0x00,0x00,0x00,0x00,0x00,
  0x00,0x00,0x00,0x00,0xBF,0xFF,0xFF,0xE8,0x00,0x00,0x00,0x00,0x00,0x00,0x00,0x00,
  0x00,0x00,0x00,0x01,0x7F,0xFF,0xFF,0xF4,0x00,0x00,0x00,0x00,0x00,0x00,0x00,0x00,
  0x00,0x00,0x00,0x02,0xFF,0xFF,0xFF,0xFA,0x00,0x00,0x00,0x00,0x00,0x00,0x00,0x00,
  0x00,0x00,0x00,0x05,0xFF,0xFF,0xFF,0xFA,0x00,0x00,0x00,0x00,0x00,0x00,0x00,0x00,
  0x00,0x00,0x00,0x05,0xFF,0xFF,0xFF,0xFD,0x00,0x00,0x00,0x00,0x00,0x00,0x00,0x00,
  0x00,0x00,0x00,0x0B,0xFF,0xFF,0xFF,0xFD,0x00,0x00,0x00,0x00,0x00,0x00,0x00,0x00,
  0x00,0x00,0x00,0x0B,0xFF,0xFF,0x07,0xFE,0x80,0x00,0x00,0x00,0x00,0x00,0x00,0x00,
  0x00,0x00,0x01,0xF7,0xFF,0xFE,0xFB,0xFE,0x80,0x00,0x00,0x00,0x00,0x00,0x00,0x00,
  0x00,0x00,0x06,0x07,0xFF,0xFD,0xC1,0xFE,0x80,0x00,0x00,0x00,0x00,0x00,0x00,0x00,
  0x00,0x00,0x09,0xF3,0xFF,0xFB,0x98,0xFF,0x40,0x00,0x00,0x00,0x00,0x00,0x00,0x00,
  0x00,0x00,0x17,0xFD,0xFF,0xFB,0x38,0xFF,0x40,0x00,0x00,0x00,0x00,0x00,0x00,0x00,
  0x00,0x00,0x2F,0xFE,0x7F,0xF7,0x18,0xFF,0x40,0x00,0x00,0x00,0x00,0x00,0x00,0x00,
  0x00,0x00,0x2F,0xFF,0xBF,0xF6,0x00,0xFF,0x40,0x00,0x00,0x00,0x00,0x00,0x00,0x00,
  0x00,0x00,0x28,0xFF,0xCF,0xF6,0x00,0xFF,0x40,0x00,0x00,0x00,0x00,0x00,0x00,0x00,
  0x00,0x00,0x27,0x3F,0xF7,0xF6,0x00,0xFF,0x40,0x00,0x00,0x00,0x00,0x00,0x00,0x00,
  0x00,0x00,0x2F,0xCF,0xFF,0xFA,0x01,0xFF,0x40,0x00,0x00,0x00,0x00,0x00,0x00,0x00,
  0x00,0x00,0x2F,0xF7,0xFF,0xFD,0x03,0xFF,0x40,0x00,0x00,0x00,0x00,0x00,0x00,0x00,
  0x00,0x00,0x17,0xFB,0xFF,0xFC,0x07,0xFF,0x40,0x00,0x00,0x00,0x00,0x00,0x00,0x00,
  0x00,0x00,0x17,0xFD,0xFF,0xFB,0xEF,0xFF,0x40,0x00,0x00,0x00,0x00,0x00,0x00,0x00,
  0x00,0x00,0x0B,0xFE,0x7F,0xFF,0xF7,0xFF,0x40,0x00,0x00,0x00,0x00,0x00,0x00,0x00,
  0x00,0x00,0x0B,0xFF,0x9F,0xFF,0xF7,0xFF,0x40,0x00,0x00,0x00,0x00,0x00,0x00,0x00,
  0x00,0x00,0x05,0xFF,0xE7,0xFF,0xFF,0xFF,0x40,0x00,0x00,0x00,0x00,0x00,0x00,0x00,
  0x00,0x00,0x02,0xFF,0xF8,0xFF,0xFF,0xFF,0x40,0x00,0x00,0x00,0x00,0x00,0x00,0x00,
  0x00,0x00,0x01,0x7F,0xFF,0x0F,0xFF,0xFF,0x40,0x00,0x00,0x00,0x00,0x00,0x00,0x00,
  0x00,0x00,0x00,0xBF,0xFF,0xFF,0xFF,0xFF,0x40,0x00,0x00,0x00,0x00,0x00,0x00,0x00,
  0x00,0x00,0x00,0x5F,0xFF,0xFF,0xFF,0xFF,0x40,0x00,0x00,0x00,0x00,0x00,0x00,0x00,
  0x00,0x00,0x00,0x4F,0xFF,0xFF,0xFF,0xFF,0x40,0x00,0x00,0x00,0x00,0x00,0x00,0x00,
  0x00,0x00,0x00,0x57,0xFF,0xFF,0xFF,0xFF,0x40,0x00,0x00,0x00,0x00,0x00,0x00,0x00,
  0x00,0x00,0x00,0x5F,0xFF,0xFF,0xFF,0xFF,0x40,0x00,0x00,0x00,0x00,0x00,0x00,0x00,
  0x00,0x00,0x00,0x5F,0xFF,0xFF,0xFF,0xFF,0x40,0x00,0x00,0x00,0x00,0x00,0x00,0x00,
  0x00,0x00,0x00,0xBF,0xFF,0xFF,0xFF,0xFF,0xA0,0x00,0x00,0x00,0x00,0x00,0x00,0x00,
  0x00,0x00,0x01,0x3F,0xFF,0xFF,0xFF,0xFF,0xA0,0x00,0x00,0x00,0x00,0x00,0x00,0x00,
  0x00,0x00,0x01,0x3F,0xFF,0xFF,0xFF,0xFF,0xD0,0x00,0x00,0x00,0x00,0x00,0x00,0x00,
  0x00,0x00,0x02,0xBF,0xFF,0xFF,0xFF,0xFF,0xD0,0x00,0x00,0x00,0x00,0x00,0x00,0x00,
  0x00,0x00,0x02,0xBF,0xFF,0xFF,0xFF,0xFF,0xE8,0x00,0x00,0x00,0x00,0x00,0x00,0x00,
  0x00,0x00,0x05,0xBF,0xFF,0xFF,0xFF,0xFF,0xF4,0x00,0x00,0x00,0x00,0x00,0x00,0x00,
  0x00,0x00,0x0B,0x7F,0xFF,0xFF,0xFF,0xFF,0xFA,0x00,0x00,0x00,0x00,0x00,0x00,0x00,
  0x00,0x00,0x17,0x7F,0xFF,0xFF,0xFF,0xFF,0xFD,0x00,0x00,0x00,0x00,0x00,0x00,0x00,
  0x00,0x00,0x6F,0x7F,0xFF,0xFF,0xFF,0xFF,0xFE,0xC0,0x00,0x00,0x00,0x00,0x00,0x00,
  0x0E,0x01,0x9F,0x7F,0xFF,0xFF,0xFF,0xFF,0xFF,0x30,0x00,0x00,0x00,0x00,0x00,0x00,
  0x11,0xFE,0x7F,0x7F,0xFF,0xFF,0xFF,0xFF,0x7F,0xCC,0x00,0x00,0x00,0x00,0x00,0x00,
  0x2E,0x01,0xFF,0x7F,0xFF,0xFF,0xFF,0xFF,0x7F,0xF3,0xFE,0x00,0x00,0x00,0x00,0x00,
  0x2F,0xFF,0xFF,0x7F,0xFF,0xFF,0xFF,0xFF,0x7F,0xFC,0x01,0x00,0x00,0x00,0x00,0x00,
  0x2F,0xFF,0xFF,0x7F,0xFF,0xFF,0xFF,0xFF,0x7F,0xFF,0xFE,0x80,0x00,0x00,0x00,0x00
};
#define FZI_Levelup1_F0_W 128
#define FZI_Levelup1_F0_H 64

static const uint8_t FZI_Levelup1_F1[1024] PROGMEM = {
  0x00,0x00,0x00,0x00,0x00,0x00,0x00,0x00,0x00,0x00,0x00,0x00,0x00,0x00,0x00,0x00,
  0x00,0x00,0x00,0x00,0x00,0x00,0x00,0x00,0x00,0x00,0x00,0x00,0x00,0x00,0x00,0x00,
  0x00,0x00,0x00,0x00,0x00,0x00,0x00,0x00,0x00,0x00,0x00,0x00,0x00,0x00,0x00,0x00,
  0x00,0x00,0x00,0x00,0x00,0x00,0x00,0x00,0x00,0x00,0x00,0x00,0x00,0x00,0x00,0x00,
  0x00,0x00,0x00,0x00,0x00,0x00,0x00,0x00,0x00,0x00,0x00,0x00,0x00,0x00,0x00,0x00,
  0x00,0x00,0x00,0x00,0x00,0x00,0x00,0x00,0x00,0x00,0x00,0x00,0x00,0x00,0x00,0x00,
  0x00,0x00,0x00,0x00,0x00,0x00,0x00,0x00,0x00,0x00,0x00,0x00,0x00,0x00,0x00,0x00,
  0x00,0x00,0x00,0x00,0x00,0x00,0x00,0x00,0x00,0x00,0x00,0x00,0x00,0x00,0x00,0x00,
  0x00,0x00,0x00,0x00,0x00,0x00,0x00,0x00,0x00,0x00,0x00,0x00,0x00,0x00,0x00,0x00,
  0x00,0x00,0x00,0x00,0x00,0x00,0x00,0x00,0x00,0x00,0x00,0x00,0x00,0x00,0x00,0x00,
  0x00,0x00,0x00,0x00,0x00,0x00,0x00,0x00,0x00,0x00,0x00,0x00,0x00,0x00,0x00,0x00,
  0x00,0x00,0x00,0x00,0x00,0x00,0x00,0x80,0x00,0x00,0x00,0x00,0x00,0x00,0x00,0x00,
  0x00,0x00,0x00,0x06,0x04,0x00,0x00,0x00,0x00,0x00,0x00,0x00,0x00,0x00,0x00,0x00,
  0x00,0x00,0x02,0x06,0x00,0x00,0x00,0x00,0x00,0x20,0x00,0x00,0x00,0x00,0x00,0x00,
  0x02,0x00,0x00,0x03,0x00,0x7F,0xC0,0x04,0x00,0x00,0x00,0x00,0x00,0x00,0x00,0x00,
  0x00,0x00,0x00,0x03,0x03,0x80,0x38,0x00,0x00,0x00,0x00,0x00,0x00,0x00,0x00,0x00,
  0x00,0x00,0x00,0x87,0x8C,0x7F,0xC6,0x10,0x60,0x00,0x00,0x00,0x00,0x00,0x00,0x00,
  0x00,0x00,0x00,0x0F,0xF3,0xFF,0xF9,0x80,0xE0,0x80,0x00,0x00,0x00,0x00,0x00,0x00,
  0x00,0x00,0x0E,0x0F,0xCF,0xFF,0xFE,0x4F,0x81,0x00,0x00,0x00,0x00,0x00,0x00,0x00,
  0x00,0x00,0x01,0x8E,0xBF,0xFF,0xFF,0xBF,0x01,0x00,0x00,0x80,0x00,0x00,0x00,0x00,
  0x00,0x20,0x40,0xDF,0x7F,0xFF,0xFF,0xDE,0x00,0x00,0x80,0x00,0x00,0x00,0x00,0x00,
  0x00,0x10,0x08,0xFE,0xFF,0xFF,0xFF,0xEB,0x00,0x20,0x00,0x00,0x00,0x00,0x00,0x00,
  0x00,0x00,0x07,0xFD,0xFF,0xFF,0xFF,0xF7,0x80,0x60,0x00,0x00,0x00,0x00,0x00,0x00,
  0x00,0x00,0x01,0xED,0xFF,0xFF,0xFF,0xF7,0xC0,0x40,0x00,0x00,0x00,0x00,0x00,0x00,
  0x00,0x00,0x10,0xFB,0xFF,0xFF,0xFF,0xFB,0xC2,0x00,0x00,0x00,0x00,0x00,0x00,0x00,
  0x00,0x00,0x03,0xEB,0xFF,0xFF,0xFF,0xFA,0xE0,0x00,0x00,0x00,0x00,0x00,0x00,0x00,
  0x00,0x00,0x03,0xF7,0xFF,0xFF,0xFF,0xFD,0xE0,0x00,0x18,0x00,0x00,0x00,0x00,0x00,
  0x00,0x80,0x01,0xB3,0xFF,0xFF,0xE0,0xFD,0xE0,0x00,0x38,0x00,0x00,0x00,0x00,0x00,
  0x00,0x41,0x00,0xF3,0xFF,0xFF,0xDF,0x7D,0xE2,0x0F,0xC0,0x08,0x00,0x00,0x00,0x00,
  0x00,0x00,0xC0,0xEB,0xFF,0xFF,0xB8,0xBE,0xC0,0x10,0x00,0x00,0x00,0x00,0x00,0x00,
  0x00,0x00,0x01,0xE3,0xFF,0xFF,0xB8,0x3E,0xC0,0x38,0x00,0x00,0x00,0x00,0x00,0x00,
  0x00,0x01,0xE3,0xE0,0x1F,0xFF,0x58,0x5E,0xE0,0x38,0x00,0x00,0x00,0x00,0x00,0x00,
  0x00,0x1B,0xFF,0xE3,0xCF,0xFF,0x40,0x5E,0xFC,0xF0,0x00,0x00,0x00,0x00,0x00,0x00,
  0x00,0x1E,0x7A,0xC7,0xF3,0xFF,0x40,0x5F,0x6F,0xC0,0x00,0x04,0x00,0x00,0x00,0x00,
  0x00,0x00,0x3F,0xCF,0xFD,0xFF,0x40,0x5F,0x7F,0x80,0x02,0x02,0x00,0x00,0x00,0x00,
  0x00,0x00,0x3A,0xDF,0xFE,0x7F,0x40,0x3F,0x6F,0x0E,0x10,0x02,0x00,0x00,0x00,0x00,
  0x00,0x00,0x0F,0xD8,0xFF,0x9F,0xA0,0xBF,0x7E,0x18,0x30,0x04,0x10,0x00,0x00,0x00,
  0x21,0x81,0x06,0xD7,0x3F,0xFF,0x01,0x7F,0x6C,0x00,0x20,0x08,0x40,0x00,0x00,0x00,
  0x03,0xC0,0x83,0xCF,0xCF,0xFF,0xF0,0xFF,0x7E,0x00,0x00,0x00,0x00,0x00,0x00,0x00,
  0x03,0x00,0x06,0x8F,0xF7,0xFF,0xFF,0xFF,0x6B,0xF8,0x00,0x00,0x00,0x00,0x00,0x00,
  0x02,0x00,0xFF,0xAF,0xFB,0xFF,0xFF,0xFF,0x7F,0xF8,0x00,0x00,0x00,0x00,0x00,0x00,
  0x01,0x07,0xFA,0xAF,0xFD,0xFF,0xFF,0xFF,0x6A,0xF0,0x00,0x30,0x00,0x00,0x00,0x00,
  0x00,0x86,0x7F,0xB7,0xFE,0x7F,0xFF,0xFF,0x7F,0xC0,0x00,0x18,0x00,0x00,0x00,0x00,
  0x00,0x00,0x3A,0xB7,0xFF,0x9F,0xFF,0xFF,0x6A,0x80,0x00,0x0C,0x00,0x00,0x00,0x00,
  0x00,0x00,0x0F,0xBB,0xFF,0xE1,0xFF,0xFF,0x7F,0x80,0x00,0x0C,0x00,0x00,0x00,0x00,
  0x00,0x10,0x02,0xBD,0xFF,0xFF,0xFF,0xFF,0x6A,0xC0,0x00,0x08,0x20,0x00,0x00,0x00,
  0x00,0x0C,0x2F,0xBE,0xFF,0xFF,0xFF,0xFF,0x7F,0x00,0x18,0x08,0x40,0x00,0x00,0x00,
  0x00,0x06,0x3A,0xBF,0x7F,0xFF,0xFF,0xFF,0x6A,0x10,0x38,0x10,0x00,0x00,0x00,0x00,
  0x20,0x00,0x3F,0xBF,0xBF,0xFF,0xFF,0xFF,0x7C,0x00,0x70,0x20,0x00,0x00,0x00,0x00,
  0x20,0x00,0x1A,0xBF,0xFF,0xFF,0xFF,0xFF,0x6C,0x03,0xE0,0x00,0x00,0x00,0x00,0x00,
  0x00,0x30,0x0F,0x3F,0xFF,0xFF,0xFF,0xFF,0xBD,0x0F,0x80,0x00,0x00,0x00,0x00,0x00,
  0x0C,0x3C,0x0B,0x3F,0xFF,0xFF,0xFF,0xFF,0xAF,0x9F,0x00,0x00,0x00,0x00,0x00,0x00,
  0x13,0x1F,0x1E,0xBF,0xFF,0xFF,0xFF,0xFF,0xDF,0xBF,0x80,0x00,0x08,0x00,0x00,0x00,
  0x2D,0x8F,0xFA,0xBF,0xFF,0xFF,0xFF,0xFF,0xDA,0xFB,0x86,0x02,0x10,0x00,0x00,0x00,
  0x2E,0xC7,0xFD,0xBF,0xFF,0xFF,0xFF,0xFF,0xEF,0xFF,0x19,0x06,0x00,0x00,0x00,0x00,
  0x2F,0x3E,0xBB,0xBF,0xFF,0xFF,0xFF,0xFF,0xF3,0xAB,0x66,0x8C,0x00,0x00,0x00,0x00,
  0x2F,0xC7,0xE7,0xBF,0xFF,0xFF,0xFF,0xFF,0xFC,0xFF,0x9E,0x80,0x00,0x00,0x00,0x00,
  0x17,0xF8,0x1F,0xBF,0xFF,0xFF,0xFF,0xFF,0xFF,0x00,0x7E,0x80,0x00,0x00,0x00,0x00,
  0x17,0xFF,0xFF,0xBF,0xFF,0xFF,0xFF,0xFF,0xFF,0xFF,0xFE,0x80,0x00,0x10,0x00,0x00,
  0x0B,0xFF,0xFF,0xBF,0xFF,0xFF,0xFF,0xFF,0x7F,0xFF,0xFD,0x0F,0x80,0x00,0x00,0x00,
  0x0B,0xFF,0xFF,0xBF,0xFF,0xFF,0xFF,0xFF,0x7F,0xFF,0xFD,0x99,0x80,0x00,0x00,0x00,
  0x7D,0xFF,0xFF,0xBF,0xFF,0xFF,0xFF,0xFF,0x7F,0xFF,0xFB,0xFC,0x10,0x00,0x00,0x00,
  0x7E,0xFF,0xFF,0xBF,0xFF,0xFF,0xFF,0xFF,0x7F,0xFF,0xFB,0xF8,0x60,0x80,0x00,0x00,
  0x3F,0x7F,0xFF,0xBF,0xFF,0xFF,0xFF,0xFF,0x7F,0xFF,0xF6,0xBD,0xC0,0x00,0x00,0x00
};
#define FZI_Levelup1_F1_W 128
#define FZI_Levelup1_F1_H 64

static const uint8_t FZI_Levelup1_F2[1024] PROGMEM = {
  0x00,0x00,0x00,0x00,0x00,0x00,0x00,0x00,0x00,0x00,0x00,0x00,0x00,0x00,0x00,0x00,
  0x00,0x00,0x00,0x00,0x00,0x00,0x00,0x00,0x00,0x00,0x00,0x00,0x00,0x00,0x00,0x00,
  0x00,0x00,0x00,0x00,0x00,0x00,0x00,0x00,0x00,0x00,0x00,0x00,0x00,0x00,0x00,0x00,
  0x00,0x00,0x00,0x00,0x00,0x00,0x00,0x00,0x00,0x60,0x00,0x00,0x00,0x00,0x00,0x00,
  0x00,0x00,0x00,0x00,0x00,0x00,0x00,0x00,0x00,0xD0,0x00,0x00,0x00,0x00,0x00,0x00,
  0x00,0x00,0x0C,0x00,0x00,0x00,0x00,0x00,0x01,0x90,0x00,0x00,0x00,0x00,0x00,0x00,
  0x00,0x00,0x32,0x00,0x00,0x00,0x00,0x00,0x02,0x08,0x00,0x00,0x00,0x00,0x00,0x00,
  0x00,0x00,0x23,0x80,0x00,0x00,0x00,0x00,0x07,0xE1,0x80,0x70,0x00,0x00,0x00,0x00,
  0x00,0x00,0x37,0xC0,0x00,0x00,0x00,0x00,0x0F,0xF6,0x00,0xD0,0x00,0x00,0x00,0x00,
  0x00,0x00,0x17,0xC0,0x00,0x00,0x00,0x00,0x0F,0xCC,0x80,0xD0,0x00,0x00,0x00,0x00,
  0x00,0x00,0x0F,0xC0,0x00,0x00,0x00,0x00,0x1F,0x08,0x80,0xE0,0x00,0x00,0x00,0x00,
  0x00,0x00,0x01,0xC0,0x00,0x00,0x01,0x80,0x3F,0x30,0x00,0xE0,0x00,0x00,0x00,0x00,
  0x00,0x38,0x01,0xE0,0x24,0x07,0xF1,0xC0,0x3F,0xE0,0x00,0xE0,0x00,0x00,0x00,0x00,
  0x00,0x3C,0x03,0xF0,0x20,0x0F,0xFC,0x00,0xFF,0xC6,0x01,0xE0,0x30,0x00,0x00,0x00,
  0x00,0x3C,0x07,0xF6,0x01,0x3F,0xFC,0x0F,0xFF,0xC0,0x01,0xC3,0x00,0x00,0x00,0x00,
  0x00,0x1C,0x17,0xFF,0x20,0x7F,0xFF,0xFF,0xAF,0x80,0x03,0x87,0x00,0x00,0x00,0x00,
  0x00,0x0E,0x03,0xFF,0x33,0x80,0x3F,0xFF,0xFF,0x20,0x03,0x80,0x00,0x00,0x00,0x00,
  0xE0,0x03,0x01,0xDF,0xFC,0x7F,0xC6,0xAA,0xBF,0x80,0x03,0x00,0x00,0x00,0x00,0x00,
  0xE0,0x13,0xE0,0x8F,0xF3,0xFF,0xF9,0xFF,0xFF,0x01,0x87,0x00,0x08,0x00,0x00,0x00,
  0x80,0x33,0xE9,0x8E,0xCF,0xFF,0xFE,0x6A,0xBE,0x21,0x86,0x00,0x00,0x00,0x00,0x00,
  0x03,0x33,0xFC,0xDF,0xBF,0xFF,0xFF,0xBF,0xFE,0x01,0xCE,0x01,0x00,0x00,0x00,0x00,
  0x00,0x17,0xFC,0xDF,0x7F,0xFF,0xFF,0xDA,0xFC,0x08,0xFE,0x00,0x00,0x01,0x00,0x00,
  0x00,0x0F,0xFE,0xFE,0xFF,0xFF,0xFF,0xEF,0xFE,0xC3,0xFE,0x00,0x00,0x00,0x00,0x00,
  0x00,0x81,0xFE,0xFD,0xFF,0xFF,0xFF,0xF6,0xAF,0xEF,0xFE,0x00,0x00,0x00,0x00,0x00,
  0xC0,0x00,0xFF,0xFD,0xFF,0xFF,0xFF,0xF7,0xFF,0xFF,0xFC,0x02,0x00,0x00,0x00,0x00,
  0xC6,0x08,0x7F,0xFB,0xFF,0xFF,0xFF,0xFA,0xBF,0xFF,0xFB,0x80,0x00,0x00,0x00,0x00,
  0x67,0x00,0x7F,0xFB,0xFF,0xFF,0xFF,0xFB,0xFF,0xFF,0xFB,0x80,0x00,0x1C,0x00,0x00,
  0xA7,0x8C,0x7F,0xF7,0xFF,0xFF,0xFF,0xFD,0xEA,0xAF,0xFF,0x00,0x00,0x2E,0x00,0x00,
  0xBF,0xFE,0x7F,0xF7,0xFF,0xFF,0xFF,0xFD,0xFF,0xFF,0x8E,0x00,0x38,0x40,0x00,0x00,
  0x1F,0xFF,0xFE,0xAF,0xFF,0xFF,0xFF,0xFE,0xAA,0xAF,0x00,0x0E,0x18,0x00,0x00,0x00,
  0x4F,0xBF,0xFF,0xEF,0xFF,0xFF,0xFF,0xFE,0xFF,0xFE,0x00,0x18,0x00,0x00,0x00,0x00,
  0x00,0x7F,0xFE,0xAF,0xFF,0xFF,0xFF,0xFE,0xBA,0xAF,0xE0,0x18,0x00,0x00,0x00,0x00,
  0x00,0x1F,0xFF,0xDF,0xFF,0xFF,0xFF,0xFF,0x7F,0xFE,0x60,0x20,0x00,0x00,0x00,0x00,
  0x00,0x1F,0xAE,0xDF,0xFF,0xFF,0xFF,0xFF,0x6A,0xF8,0x00,0x00,0x80,0x00,0x00,0x00,
  0x01,0x0F,0xFF,0xDD,0xFF,0xFF,0xFF,0xF7,0x7F,0xF0,0x08,0x40,0x80,0x00,0x00,0x0F,
  0x00,0x87,0xEB,0xDC,0xFF,0xFF,0xFF,0xE7,0x6A,0xF0,0x1C,0x01,0x84,0x0E,0x00,0x1F,
  0x68,0x0F,0xFF,0xDC,0xFF,0xFF,0xFF,0xE7,0x7F,0xF0,0x1C,0x03,0x80,0x1E,0x00,0x10,
  0x04,0x1F,0xFA,0xDC,0xFF,0xFF,0xFF,0xE7,0x6A,0xF8,0x18,0x01,0x00,0x38,0x00,0x00,
  0x00,0x0F,0xFF,0xDC,0x7F,0xFF,0xFF,0xC7,0x7F,0xFC,0x38,0x00,0x00,0x40,0x00,0x00,
  0x00,0x01,0xFA,0xDC,0x07,0xFF,0xFC,0x07,0x6A,0xFE,0x38,0x02,0x00,0x00,0x00,0x00,
  0x00,0x00,0xFF,0xDE,0x07,0xFF,0xFC,0x0F,0x7F,0xFF,0xF0,0x00,0x00,0x06,0x00,0x00,
  0x30,0x40,0x7E,0xDF,0x0F,0xFF,0xFE,0x1F,0x6A,0xBF,0xC0,0x10,0x00,0x06,0x00,0xC0,
  0xF8,0x08,0x7F,0xDF,0xFF,0xFF,0xFF,0xFF,0x7F,0xFF,0x80,0x10,0x00,0x00,0x30,0x00,
  0x80,0x00,0xFF,0xDF,0xFF,0xFF,0xFF,0xFF,0x6A,0xAF,0x00,0x00,0x06,0x18,0x70,0x00,
  0x1C,0xC3,0xFF,0xDF,0xF7,0xFF,0xFD,0xFF,0x7F,0xFF,0x00,0x0C,0x04,0x18,0x60,0x00,
  0xBF,0xE7,0xFA,0xDF,0xFB,0xFF,0xFB,0xFF,0x6A,0xBE,0x06,0x1C,0x18,0x30,0xC0,0x00,
  0x7B,0xFF,0xFF,0xDF,0xFB,0xFF,0xFB,0xFF,0x7F,0xFE,0x0F,0x7C,0x18,0xE1,0x80,0x00,
  0x01,0xFF,0xFA,0xDF,0xFB,0xFF,0xFB,0xFF,0x7E,0xAF,0x1F,0xF8,0x11,0xC7,0x00,0x00,
  0x00,0xFF,0xFF,0x9F,0xFD,0xFF,0xF7,0xFF,0x3F,0xFF,0xFF,0xF8,0x37,0xFE,0x00,0x00,
  0x0C,0xFE,0xAA,0x9F,0xFD,0xFF,0xF7,0xFF,0x3E,0xAF,0xAF,0xF0,0x7F,0xF8,0x00,0x00,
  0x12,0xFF,0xFF,0x5F,0xFC,0xFF,0xE7,0xFF,0x5F,0xFF,0xF9,0xF8,0xFF,0xF0,0x02,0x00,
  0xAD,0xEA,0xAE,0xDF,0xFE,0x60,0xCF,0xFF,0x6E,0xAA,0xB6,0xFF,0xFF,0xE0,0x00,0x00,
  0xAE,0x7F,0xF9,0xDF,0xFE,0x1F,0x0F,0xFF,0x73,0xFF,0xCE,0xFF,0xFF,0xE2,0x20,0x00,
  0xEF,0x8F,0xE7,0xDF,0xFF,0x7F,0xDF,0xFF,0x7C,0xFE,0x3E,0xBF,0xAB,0xEC,0x00,0x01,
  0xEF,0xF0,0x1F,0xDF,0xFF,0x9F,0x3F,0xFF,0x7F,0x01,0xFE,0xFF,0xFF,0xF8,0x00,0x00,
  0xF7,0xFF,0xFF,0xDF,0xFF,0xE0,0xFF,0xFF,0xFF,0xFF,0xFD,0xBA,0xAF,0xF0,0x00,0x00,
  0xF7,0xFF,0xFF,0xDF,0xFF,0xFF,0xFF,0xFF,0xFF,0xFF,0xFD,0xFF,0xFF,0xF0,0x00,0x00,
  0x7B,0xFF,0xFF,0xDF,0xFF,0xFF,0xFF,0xFF,0xFF,0xFF,0xFA,0xAA,0xAF,0xC0,0x00,0x00,
  0xFB,0xFF,0xFF,0xDF,0xFF,0xFF,0xFF,0xFF,0xFF,0xFF,0xFB,0xFF,0xFF,0x80,0x80,0x00,
  0xFD,0xFF,0xFF,0xFF,0xFF,0xFF,0xFF,0xFF,0xFF,0xFF,0xF6,0xAA,0xAB,0x80,0x00,0x80,
  0xC6,0xFF,0xFF,0xFF,0xFF,0xFF,0xFF,0xFF,0xFF,0xFF,0xEF,0xFF,0xFF,0x80,0x00,0xE0,
  0x03,0x7F,0xFF,0xFF,0xFF,0xFF,0xFF,0xFF,0x7F,0xFF,0xDA,0xAA,0xAF,0x90,0x00,0x60,
  0x03,0x9F,0xFF,0xDF,0xFF,0xFF,0xFF,0xFF,0x7F,0xFF,0x3F,0xFF,0xFF,0xE0,0x00,0x00,
  0x1F,0xE0,0xFF,0xDF,0xFF,0xFF,0xFF,0xFF,0x7F,0xE0,0xEA,0xAA,0xAE,0xE0,0x00,0x00
};
#define FZI_Levelup1_F2_W 128
#define FZI_Levelup1_F2_H 64

static const uint8_t FZI_Levelup1_F3[1024] PROGMEM = {
  0x07,0xBF,0xFC,0x00,0x01,0xE1,0x03,0xE0,0x00,0x01,0x00,0x00,0x3F,0x80,0x00,0x00,
  0x01,0x93,0xFC,0x07,0x08,0xF0,0x07,0xC0,0x00,0x03,0x00,0x00,0xC0,0x80,0x00,0x00,
  0x00,0x07,0xFE,0x41,0x00,0xF0,0x0F,0xC0,0x06,0x02,0x00,0x03,0x00,0x80,0x00,0x00,
  0x00,0x17,0xF7,0xD0,0x02,0xF0,0x0F,0xC0,0x0F,0x06,0x00,0x06,0x00,0x40,0x00,0x00,
  0x00,0x0F,0xFB,0xF0,0x03,0xE0,0x1F,0x80,0x1F,0x24,0x00,0x0C,0x00,0x80,0x00,0x00,
  0x00,0x07,0xF9,0xF8,0x07,0xE0,0x1F,0x80,0x3F,0x3C,0x00,0x18,0x00,0x80,0x00,0x00,
  0x00,0x03,0xFF,0xFE,0x0F,0xE0,0x3F,0x80,0x7F,0xF8,0x00,0x20,0x00,0x80,0x00,0x00,
  0x00,0x03,0xFF,0xF8,0x1F,0xE0,0x7F,0x81,0xFA,0xEA,0x00,0x60,0x00,0x80,0x00,0x00,
  0x00,0x01,0xFF,0xFE,0x9F,0xEA,0x7F,0xC7,0xFF,0xF2,0x00,0xFE,0x00,0x80,0x00,0x00,
  0x00,0x00,0xFF,0xFA,0x0F,0xA0,0xFB,0xFE,0xFF,0xB0,0x81,0xFF,0x01,0x00,0x00,0x00,
  0x00,0x01,0xF1,0xFF,0xFF,0xFF,0xFF,0xFF,0xFF,0xE8,0x07,0xFF,0x81,0x00,0x00,0x00,
  0x00,0x1D,0xF0,0xFF,0xFE,0xAA,0xAF,0xFF,0xFB,0xE0,0x07,0xFF,0xC1,0x00,0x20,0x01,
  0x12,0x1F,0xF0,0xFF,0xFF,0xFF,0xFF,0xFF,0xFF,0xC0,0x3F,0xFF,0xC1,0x00,0x40,0x02,
  0x01,0x8B,0xF0,0xEA,0xAA,0xAA,0xAB,0xFE,0xAF,0xE0,0x7F,0xFF,0x81,0x00,0x00,0x00,
  0x00,0xC3,0xFC,0xFF,0xFF,0xFF,0xFF,0xFF,0xFF,0xC4,0xFF,0xFF,0x02,0x03,0x01,0xE0,
  0x00,0x01,0xFF,0xFA,0xAA,0xFF,0xEA,0xBA,0xAE,0x03,0xFA,0xFE,0x06,0x06,0x00,0xE3,
  0x18,0x01,0xBF,0xFF,0xFF,0x80,0x3F,0xFF,0xFC,0x07,0xFF,0xFC,0x78,0x00,0x04,0x03,
  0x1C,0x03,0xAB,0xFE,0xAC,0x2A,0x86,0xAA,0xAE,0x1F,0xEA,0xFC,0x80,0x00,0x00,0x03,
  0x0E,0x07,0xFF,0xFF,0xF1,0x55,0x51,0xFF,0xFE,0x3F,0xFF,0xF9,0x80,0x00,0x00,0x0C,
  0x03,0x03,0xAA,0xBF,0xCA,0xAA,0xAA,0x6A,0xAE,0xFA,0xAA,0xE9,0x00,0x01,0x06,0x18,
  0x01,0x83,0xFF,0xFF,0x95,0x55,0x55,0x3F,0xFF,0xFF,0xFF,0xD1,0x00,0x02,0x06,0x10,
  0x03,0x83,0xAA,0xAF,0x2A,0xAA,0xAA,0x9A,0xAF,0xBA,0xAA,0xE2,0x02,0x04,0x08,0x10,
  0x03,0xCF,0xFF,0xFE,0x55,0x55,0x55,0x4F,0xFF,0xFF,0xFF,0xE6,0x40,0x00,0x18,0x18,
  0x07,0xFF,0xEA,0xAC,0xAA,0xAA,0xAA,0xA6,0xAF,0xAA,0xAA,0xD8,0x00,0x60,0x18,0x70,
  0x1F,0xFF,0xFF,0xFD,0x55,0x55,0x55,0x57,0xFF,0xFF,0xFF,0xF0,0x30,0x60,0x1B,0xE0,
  0x1F,0xAB,0xEA,0xAA,0xAA,0xAA,0xAA,0xAA,0xAE,0xAA,0xAB,0xF0,0x70,0xE2,0x3F,0xC0,
  0x0F,0xFF,0xFF,0xF9,0x55,0x55,0x55,0x53,0xFF,0xFF,0xFF,0xF8,0x63,0x88,0x3F,0xE8,
  0x0F,0xAA,0xAA,0xB2,0xAA,0xAA,0xAA,0xA9,0xBA,0xAA,0xBF,0xE0,0xE6,0x00,0x7F,0xC0,
  0x9F,0xFF,0xFF,0xF5,0x55,0x55,0x55,0x55,0xFF,0xFF,0xFF,0xE0,0xBC,0x00,0xFF,0x00,
  0xFF,0xEA,0xAA,0xAA,0xAA,0xAA,0xAA,0xAA,0xAA,0xAA,0xAF,0xE1,0xF4,0x03,0xFE,0x00,
  0xFF,0xFF,0xFF,0xE5,0x55,0x55,0x55,0x54,0xFF,0xFF,0xFF,0xC3,0xBC,0x0F,0xFE,0x00,
  0xFF,0xEA,0xAA,0xAA,0xAA,0xAA,0xAA,0xAA,0xAA,0xAA,0xAB,0xC3,0xE8,0x3F,0xFF,0x3C,
  0xFF,0xFF,0xFF,0xD5,0x55,0x55,0x55,0x55,0x7F,0xFF,0xFF,0xC3,0xF8,0xFF,0xFF,0x1C,
  0x7F,0xFA,0xBF,0xCA,0xAA,0xAA,0xAA,0xAA,0x6A,0xAA,0xAF,0xE3,0xFD,0xFF,0xEB,0x38,
  0x1F,0xFF,0xFF,0xD5,0x55,0x55,0x55,0x55,0x7F,0xFF,0xFF,0xFF,0xFF,0xFF,0xFF,0xA0,
  0xFF,0x3A,0xAF,0xC8,0xAA,0xAA,0xAA,0xA2,0x6A,0xAA,0xAF,0xFF,0xFF,0xFF,0xAF,0xE0,
  0x18,0x7F,0xFF,0xD4,0x55,0x55,0x55,0x45,0x7F,0xFF,0xFF,0xFF,0xFF,0xFF,0xFF,0xE0,
  0x00,0x3E,0xAB,0xC8,0xAA,0xAA,0xAA,0xA2,0x6A,0xAB,0xAB,0xFF,0xEF,0xFE,0xBF,0xE0,
  0x00,0x3F,0xFF,0xD4,0x55,0x55,0x55,0x45,0x7F,0xFF,0xFF,0xFF,0xFF,0xFF,0xFF,0xE0,
  0x04,0xFF,0xAA,0xC8,0x02,0xAA,0xA8,0x02,0x6A,0xBE,0xAB,0xFF,0xFB,0xEA,0xBF,0x80,
  0x01,0xFF,0xFF,0xD4,0x05,0x55,0x54,0x05,0x7F,0xFF,0xFF,0xFF,0xFF,0xFF,0xFF,0x82,
  0x01,0xEA,0xAB,0xCA,0x0A,0xAA,0xAA,0x0A,0x6A,0xFE,0xAB,0xFF,0xAA,0xAA,0xBF,0xC0,
  0x21,0xFF,0xFF,0xD5,0x55,0x55,0x55,0x55,0x7F,0xFF,0xFF,0xFF,0xFF,0xFF,0xFF,0xE0,
  0x00,0xEA,0xAF,0xCA,0xAA,0xAA,0xAA,0xAA,0x7F,0xFE,0xAA,0xFE,0xAA,0xAA,0xBF,0xC0,
  0x00,0x7F,0xFF,0xD5,0x55,0x55,0x55,0x55,0x7F,0xFF,0xFF,0xFF,0xFF,0xFF,0xFF,0x81,
  0x0F,0xEA,0xAF,0xCA,0xAA,0xAA,0xAA,0xAA,0x7E,0xFE,0xAA,0xAA,0xAA,0xAA,0xBF,0x83,
  0x07,0xFF,0xFF,0xD5,0x51,0x55,0x51,0x55,0x7F,0xFF,0xFF,0xFF,0xFF,0xFF,0xFF,0xC3,
  0x83,0xFE,0xAB,0xCA,0xAA,0xAA,0xAA,0xAA,0x6A,0xAE,0xAA,0xAA,0xAA,0xAA,0xFF,0xE3,
  0x07,0xFF,0xFF,0x95,0x55,0x55,0x55,0x55,0x3F,0xFF,0xFF,0xFF,0xFF,0xFF,0xFF,0xFF,
  0xFF,0xAB,0xAB,0x8A,0xA8,0xAA,0xA2,0xAA,0x2A,0xBA,0xAE,0xAA,0xAA,0xAB,0xFF,0xF8,
  0xF3,0xFF,0xFF,0x55,0x54,0x55,0x45,0x55,0x5F,0xFF,0xF9,0xFF,0xFF,0xFF,0xFF,0xD0,
  0xE9,0xAA,0xAE,0x8A,0xAA,0x20,0x8A,0xAA,0x2E,0xBA,0xB2,0xAA,0xAA,0xAF,0xFF,0xC0,
  0xE4,0x7F,0xF9,0x55,0x54,0x15,0x05,0x55,0x53,0xFF,0xC4,0xFF,0xFF,0xFF,0xFF,0xE0,
  0xEA,0x8F,0xE2,0x8A,0xAA,0x2A,0x8A,0xAA,0x28,0xFE,0x2A,0xAA,0xAA,0xFA,0xAF,0x80,
  0x65,0x50,0x15,0x55,0x55,0x15,0x15,0x55,0x55,0x01,0x54,0xFF,0xFF,0xFF,0xFF,0x00,
  0x12,0xAA,0xAA,0x8A,0xAA,0xA0,0xAA,0xAA,0xAA,0xAA,0xA9,0xAF,0xAF,0xAA,0xAF,0x43,
  0x35,0x55,0x55,0x55,0x55,0x55,0x55,0x55,0x55,0x55,0x55,0xFF,0xFF,0xFF,0xFF,0xFC,
  0x0A,0xAA,0xAA,0x8A,0xAA,0xAA,0xAA,0xAA,0xAA,0xAA,0xAB,0xEB,0xEB,0xAA,0xBF,0x38,
  0x29,0x55,0x55,0x55,0x55,0x55,0x55,0x55,0x55,0x55,0x53,0xFF,0xFF,0xFF,0xFE,0x78,
  0x04,0xAA,0xAA,0xAA,0xAA,0xAA,0xAA,0xAA,0xAA,0xAA,0xA6,0xAA,0xAB,0xAA,0xBC,0x70,
  0x06,0x55,0x55,0x55,0x55,0x55,0x55,0x55,0x55,0x55,0x4F,0xFF,0xFF,0xFF,0xFC,0xF0,
  0x7F,0x2A,0xAA,0xAA,0xAA,0xAA,0xAA,0xAA,0x2A,0xAA,0x9A,0xAA,0xAE,0xAA,0xBF,0xE0,
  0xFF,0x95,0x55,0x55,0x55,0x55,0x55,0x55,0x55,0x55,0x3F,0xFF,0xFF,0xFF,0xFF,0xC0,
  0xFF,0xE0,0xAA,0x8A,0xAA,0xAA,0xAA,0xAA,0x2A,0xA0,0xEA,0xAA,0xBA,0xAA,0xBF,0xC0
};
#define FZI_Levelup1_F3_W 128
#define FZI_Levelup1_F3_H 64

static const uint8_t FZI_Levelup1_F4[1024] PROGMEM = {
  0x00,0x00,0x00,0x00,0x00,0x00,0x00,0x00,0x00,0x00,0x00,0x00,0x00,0x00,0x00,0x00,
  0x00,0x00,0x00,0x00,0x00,0x00,0x00,0x00,0x00,0x00,0x00,0x00,0x00,0x00,0x00,0x00,
  0x00,0x07,0xC0,0x00,0x00,0x00,0x00,0x00,0x00,0x00,0x00,0x00,0x00,0x00,0x00,0x00,
  0x00,0x08,0x40,0x00,0x00,0x00,0x00,0x00,0x00,0x00,0x00,0x00,0x00,0x00,0x00,0x00,
  0x00,0x00,0x00,0x00,0x00,0x00,0x00,0x00,0x00,0x00,0x00,0x00,0x00,0x00,0x00,0x00,
  0x00,0x00,0x00,0x00,0x00,0x00,0x00,0x00,0x00,0x00,0x00,0x00,0x00,0x00,0x00,0x00,
  0x00,0x00,0x00,0x00,0x00,0x00,0x00,0x00,0x00,0x00,0x00,0x00,0x00,0x00,0x00,0x00,
  0x00,0x00,0x00,0x00,0x00,0x00,0x00,0x00,0x00,0x01,0x10,0x00,0x00,0x00,0x00,0x00,
  0x00,0x00,0x00,0x00,0x00,0x00,0x00,0x00,0x00,0x01,0xE8,0x00,0x80,0x00,0x00,0x00,
  0x02,0x00,0x00,0x00,0x00,0x00,0x00,0x00,0x00,0x7F,0xD8,0x1B,0xF0,0x00,0x00,0x00,
  0x07,0xE0,0x00,0x23,0xC0,0x00,0x01,0xE0,0x09,0xFF,0xF0,0x05,0x3E,0x00,0x00,0x00,
  0x07,0xF8,0x00,0x3F,0xF0,0x00,0x07,0xF0,0x03,0xFF,0xF1,0x81,0xF9,0xC0,0x00,0x00,
  0x07,0xF8,0x71,0xDF,0xFC,0x40,0x1F,0xE0,0x63,0xFF,0x08,0x07,0xFB,0xE0,0x00,0x00,
  0x03,0xFE,0xFF,0xF0,0xFE,0x04,0x7F,0x01,0xEF,0xF8,0x01,0x8F,0xFF,0x00,0x00,0x00,
  0x1F,0xFF,0xFF,0xF8,0x7F,0x81,0xFC,0x03,0xFF,0xF8,0x03,0xFF,0xFF,0x80,0x00,0x00,
  0x1E,0x7F,0xFF,0xF8,0x7E,0xFF,0xFF,0x09,0xFF,0xF9,0x07,0xFE,0x0F,0x80,0x00,0x10,
  0x1F,0x3F,0xFF,0xFC,0x1F,0x80,0x3F,0x3F,0xFF,0xFC,0x67,0xF8,0x03,0x80,0x00,0x00,
  0x00,0x1F,0xFF,0xFF,0xDC,0x2A,0x87,0xFF,0xFF,0xFF,0xFF,0xF0,0x00,0x00,0x00,0x00,
  0x80,0x0D,0xFF,0xFF,0xF0,0x00,0x01,0xFF,0xFF,0xFF,0xFF,0xE0,0x00,0x00,0xE0,0x00,
  0xC0,0x00,0x9F,0xFF,0xCA,0xAA,0xAA,0x7F,0xFF,0xFF,0xFF,0xC8,0x00,0x30,0x70,0x30,
  0xC8,0x60,0x0F,0xF5,0x80,0x00,0x00,0x3F,0xD7,0xFF,0xFF,0xC0,0x0C,0x18,0x01,0x18,
  0xDC,0x00,0x2F,0xFF,0x2A,0xAA,0xAA,0x9F,0xFF,0xFF,0xFF,0xE0,0x1E,0x00,0x00,0x00,
  0xFF,0x0D,0xEF,0xD6,0x00,0x00,0x00,0x0D,0x57,0xFF,0xFF,0xE1,0xFC,0x00,0x00,0x00,
  0xFF,0x9F,0xFF,0xFC,0xAA,0xAA,0xAA,0xA7,0xFF,0xFF,0xFF,0xFF,0xE0,0x0C,0x20,0x00,
  0xFF,0xFF,0xF7,0xF4,0x00,0x00,0x00,0x05,0x57,0x7F,0xFF,0xF9,0x80,0x98,0x00,0x3C,
  0x1F,0xFF,0xFF,0xFA,0xAA,0xAA,0xAA,0xAB,0xFF,0xFF,0xFF,0xC3,0x63,0xF6,0x00,0x7F,
  0x07,0xFF,0xFF,0xF8,0x00,0x00,0x00,0x03,0x55,0xF5,0x7F,0x82,0x87,0xFF,0x10,0xFF,
  0x00,0xFF,0xFF,0xF2,0xAA,0xAA,0xAA,0xA9,0xFF,0xFF,0xFF,0x87,0x8F,0xFF,0x01,0xF3,
  0x00,0x1F,0xDF,0xF0,0x00,0x00,0x00,0x01,0x55,0x55,0x7F,0xDF,0xFF,0xFE,0x07,0x80,
  0x40,0x1F,0xFF,0xEA,0xAA,0xAA,0xAA,0xAA,0xFF,0xFF,0xFF,0xFF,0xFF,0xFC,0x1C,0x00,
  0x00,0x0F,0xF5,0x60,0x00,0x00,0x00,0x00,0xD5,0x55,0xFF,0xFF,0xFF,0xFF,0xFC,0x08,
  0x20,0xDF,0xFF,0xEA,0xAA,0xAA,0xAA,0xAA,0xFF,0xFF,0xFF,0xFF,0xFF,0xFF,0xF8,0x38,
  0x09,0xFF,0xD5,0x40,0x00,0x00,0x00,0x00,0x55,0x55,0xFF,0xFF,0xFF,0xFF,0xF0,0x3C,
  0x3F,0xFF,0xFF,0xCA,0xAA,0xAA,0xAA,0xAA,0x7F,0xFF,0xFF,0xFF,0xFF,0xFF,0xF0,0x7E,
  0xFF,0xFF,0xFD,0x40,0x00,0x00,0x00,0x00,0x55,0x55,0xFF,0xD5,0x7F,0xFF,0xFF,0xFF,
  0xFF,0xFF,0xFF,0xC8,0xAA,0xAA,0xAA,0xA2,0x7F,0xFF,0xFF,0xFF,0xFF,0xFF,0xFF,0x07,
  0xF1,0xF1,0xFF,0x40,0x00,0x00,0x00,0x00,0x55,0x7F,0xFF,0xD5,0x77,0xFF,0xFF,0x80,
  0xE0,0xE0,0xFF,0xC8,0xAA,0xAA,0xAA,0xA2,0x7F,0xFF,0xFF,0xFF,0xFF,0xFF,0xE4,0x00,
  0xE1,0xFB,0xFF,0xC0,0x00,0x00,0x00,0x00,0x57,0xDF,0x5F,0xD7,0xFF,0xFF,0x80,0x00,
  0x00,0x38,0x7F,0xC8,0x02,0xAA,0xA8,0x02,0x7F,0xFF,0xFF,0xFF,0xFF,0xFF,0x25,0x00,
  0x00,0x0F,0xFF,0xC0,0x00,0x00,0x00,0x00,0x75,0x55,0x5F,0x55,0x5F,0xFF,0x01,0x82,
  0x01,0x0F,0xFF,0xCA,0x0A,0xAA,0xAA,0x0A,0x7F,0xFF,0xFF,0xFF,0xFF,0xFF,0x00,0x07,
  0x00,0x07,0xFF,0xC0,0x00,0x00,0x00,0x00,0x55,0x5D,0x7D,0x55,0x57,0xFF,0x20,0x6F,
  0x16,0x07,0xFF,0xCA,0xAA,0xAA,0xAA,0xAA,0x7F,0xFF,0xFF,0xFF,0xFF,0xFC,0x00,0x4F,
  0x07,0x0F,0xD5,0x40,0x00,0x00,0x00,0x00,0x55,0x55,0x7D,0x55,0x5F,0xF9,0x0F,0xFC,
  0x01,0xDF,0xFF,0xCA,0xAA,0xAA,0xAA,0xAA,0x7F,0xFF,0xFF,0xFF,0xFF,0xF3,0xDF,0xF8,
  0xE7,0xFF,0x55,0x40,0x00,0x00,0x00,0x00,0x55,0x55,0x7D,0x55,0x7F,0xFF,0xFF,0xB1,
  0xFF,0xFF,0xFF,0xCA,0xAA,0xAA,0xAA,0xAA,0x7F,0xFF,0xFF,0xFF,0xFF,0xFF,0xFF,0xF7,
  0xFF,0xFF,0x75,0x80,0x00,0x00,0x00,0x00,0x35,0x55,0xD5,0x57,0xFF,0xFF,0xFF,0xF9,
  0xFF,0xFF,0xFF,0x8A,0xA8,0xAA,0xA2,0xAA,0x3F,0xFF,0xFF,0xFF,0xFF,0xFF,0xFF,0xE0,
  0xF3,0xFF,0x57,0x00,0x00,0x00,0x00,0x00,0x15,0x55,0x59,0x55,0x57,0xFF,0xFF,0xE0,
  0xE9,0xFF,0xFE,0x8A,0xAA,0x20,0x8A,0xAA,0x2F,0xFF,0xF2,0xFF,0xFF,0xFF,0xFF,0x88,
  0x60,0x75,0x58,0x00,0x00,0x00,0x00,0x00,0x03,0x55,0xC0,0xD5,0x57,0x55,0x7F,0x80,
  0x2A,0x8F,0xE2,0x8A,0xAA,0x2A,0x8A,0xAA,0x28,0xFE,0x2A,0xFF,0xFF,0xFF,0xFE,0x00,
  0x20,0x00,0x00,0x00,0x00,0x00,0x00,0x00,0x00,0x00,0x00,0xD5,0x55,0x55,0xF8,0x0D,
  0x32,0xAA,0xAA,0x8A,0xAA,0xA0,0xAA,0xAA,0xAA,0xAA,0xA9,0xFF,0xFF,0xFF,0xFF,0xEF,
  0x10,0x00,0x00,0x00,0x00,0x00,0x00,0x00,0x00,0x00,0x01,0x55,0xF5,0x57,0xFF,0xFF,
  0x1A,0xAA,0xAA,0x8A,0xAA,0xAA,0xAA,0xAA,0xAA,0xAA,0xAB,0xFF,0xFF,0xFF,0xFF,0xFF,
  0x08,0x00,0x00,0x00,0x00,0x00,0x00,0x00,0x00,0x00,0x03,0x55,0x5F,0x7D,0xDF,0xFF,
  0x44,0xAA,0xAA,0xAA,0xAA,0xAA,0xAA,0xAA,0xAA,0xAA,0xA7,0xFF,0xFF,0xFF,0xFF,0xFF,
  0xFE,0x00,0x00,0x00,0x00,0x00,0x00,0x00,0x00,0x00,0x0D,0x55,0x55,0xFF,0x57,0xFF,
  0xFF,0x2A,0xAA,0xAA,0xAA,0xAA,0xAA,0xAA,0x2A,0xAA,0x9F,0xFF,0xFF,0xFF,0xFF,0xFF,
  0xFF,0x80,0x00,0x00,0x00,0x00,0x00,0x00,0x00,0x00,0x35,0x55,0x55,0x7D,0x57,0xFF,
  0xFF,0xE0,0xAA,0x8A,0xAA,0xAA,0xAA,0xAA,0x2A,0xA0,0xFF,0xFF,0xFF,0xFF,0xFF,0xFF
};
#define FZI_Levelup1_F4_W 128
#define FZI_Levelup1_F4_H 64

static const uint8_t FZI_Levelup1_F5[1024] PROGMEM = {
  0x00,0x00,0x00,0x00,0x00,0x00,0x00,0x00,0x00,0x00,0x00,0x00,0x00,0x00,0x00,0x00,
  0x00,0x00,0x00,0x00,0x00,0x00,0x00,0x00,0x00,0x00,0x00,0x00,0x00,0x00,0x00,0x00,
  0x00,0x00,0x00,0x00,0x00,0x00,0x00,0x00,0x00,0x00,0x00,0x00,0x00,0x00,0x00,0x00,
  0x00,0x00,0x00,0x00,0x00,0x00,0x00,0x00,0x00,0x00,0x00,0x00,0x00,0x00,0x00,0x00,
  0x00,0x00,0x00,0x00,0x00,0x00,0x00,0x00,0x00,0x00,0x00,0x00,0x00,0x00,0x00,0x00,
  0x00,0x00,0x00,0x00,0x00,0x00,0x00,0x00,0x00,0x00,0x00,0x00,0x00,0x00,0x00,0x00,
  0x00,0x00,0x00,0x00,0x00,0x00,0x00,0x00,0x00,0x00,0x00,0x00,0x00,0x00,0x00,0x00,
  0x00,0x00,0x00,0x00,0x00,0x00,0x00,0x00,0x00,0x00,0x00,0x00,0x00,0x00,0x00,0x00,
  0x00,0x00,0x00,0x00,0x00,0x00,0x00,0x00,0x00,0x00,0x00,0x00,0x00,0x00,0x00,0x00,
  0x00,0x00,0x00,0x00,0x00,0x00,0x00,0x00,0x00,0x00,0x00,0x00,0x00,0x00,0x00,0x00,
  0x00,0x00,0x00,0x00,0x00,0x00,0x00,0x00,0x00,0x00,0x00,0x00,0x00,0x00,0x00,0x00,
  0x00,0x00,0x00,0x00,0x00,0x00,0x00,0x00,0x00,0x00,0x00,0x00,0x00,0x00,0x00,0x00,
  0x00,0x00,0x00,0x00,0x00,0x00,0x00,0x00,0x00,0x00,0x00,0x00,0x00,0x00,0x00,0x00,
  0x00,0x00,0x00,0x00,0x00,0x00,0x00,0x00,0x00,0x00,0x00,0x00,0x00,0x00,0x00,0x00,
  0x00,0x00,0x10,0x03,0x00,0x00,0x00,0x00,0x00,0xF0,0x38,0x00,0x00,0x00,0x00,0x00,
  0x00,0x00,0x00,0x01,0x80,0x7F,0xC0,0x40,0x21,0xC0,0x0C,0x00,0x00,0x00,0x00,0x00,
  0x00,0x00,0x02,0x00,0x03,0x80,0x38,0x00,0x00,0x00,0x00,0x00,0x00,0x00,0x00,0x00,
  0x00,0x00,0x00,0x00,0x0C,0x0A,0x06,0x07,0x00,0x1C,0x06,0xE0,0x00,0x00,0x00,0x00,
  0x00,0x00,0x00,0x01,0xB1,0x44,0x51,0x8C,0x70,0x1C,0x7F,0x00,0x00,0x00,0x00,0x00,
  0x00,0x01,0x80,0x73,0xCA,0xAA,0xAA,0x79,0xF0,0x0D,0xFE,0x00,0x80,0x00,0x00,0x00,
  0x00,0x02,0xC1,0xFF,0x95,0x55,0x55,0x3E,0x30,0x0F,0xF8,0x00,0x78,0x00,0x00,0x00,
  0x00,0x00,0x13,0xFF,0x2A,0x8A,0x2A,0x9E,0x00,0xFF,0xF0,0x40,0x1C,0x00,0x00,0x00,
  0x00,0x00,0x03,0xBE,0x55,0x55,0x55,0x48,0x03,0xFF,0xE0,0x00,0x0C,0x00,0x00,0x00,
  0x01,0x80,0x03,0x1C,0xAA,0x8A,0x2A,0xA7,0x0F,0xFF,0xE0,0x00,0x00,0x00,0x00,0x00,
  0x01,0xF4,0x00,0x1D,0x55,0x15,0x15,0x57,0xFF,0xFF,0xC0,0x00,0x00,0x00,0x00,0x00,
  0x01,0xE0,0x00,0x0A,0xAA,0xAA,0xAA,0xAB,0xFF,0xFF,0xE3,0xE0,0x00,0x00,0x00,0x00,
  0x00,0x00,0x0E,0x19,0x55,0x15,0x15,0x53,0xFF,0xDF,0xFF,0xF8,0x00,0x02,0x08,0x00,
  0x00,0x00,0x0F,0xB2,0xAA,0xAA,0xAA,0xA9,0xFF,0xFF,0xFF,0xFF,0xC0,0x40,0x04,0x00,
  0x10,0x06,0xCF,0xF5,0x55,0x15,0x15,0x55,0x55,0x7F,0xFF,0xFF,0xF0,0x00,0x00,0x00,
  0x00,0x01,0xE7,0xEA,0xAA,0x2A,0x8A,0xAA,0xFF,0xFF,0xC7,0xFF,0xF8,0x00,0x00,0x00,
  0x03,0x00,0x33,0xE4,0x15,0x55,0x55,0x04,0xD5,0x7F,0x01,0xFF,0xF8,0x20,0x00,0x00,
  0x00,0x1C,0x1F,0xE8,0xAA,0x00,0x0A,0xA2,0xFF,0xFE,0x0F,0xCE,0x38,0x00,0x80,0x38,
  0x08,0x1C,0x1F,0x51,0x54,0x55,0x45,0x51,0x55,0x5E,0x0F,0x02,0x18,0x00,0x00,0xF0,
  0x00,0x30,0x1F,0xCA,0xA0,0xAA,0xA0,0xAA,0x7F,0xFF,0x3F,0x80,0x00,0x08,0x00,0x00,
  0x01,0x0B,0xFF,0x55,0x51,0x51,0x51,0x55,0x7D,0x7F,0xFF,0x80,0x00,0x0F,0x80,0x00,
  0x00,0x9F,0xFF,0xC0,0xA2,0xAA,0xA8,0xA0,0x7F,0xFF,0xFF,0x01,0x01,0x81,0xC0,0x00,
  0x30,0x8F,0xFF,0xD4,0x55,0x11,0x15,0x45,0x5D,0x5F,0xFF,0x00,0x00,0xC1,0xE0,0x00,
  0x39,0xFF,0xFF,0xC0,0xA2,0xAA,0xA8,0xA0,0x7F,0xFF,0xFF,0xF8,0x20,0x00,0x00,0x00,
  0x9F,0xFF,0xD5,0x54,0x55,0x55,0x55,0x45,0x5D,0x5F,0x5F,0xFF,0x80,0x00,0x00,0x00,
  0xCF,0xFF,0xFF,0xC0,0x02,0xAA,0xA8,0x00,0x7F,0xFF,0xFF,0xFF,0x40,0x00,0x00,0x00,
  0x6E,0x3F,0xFD,0x50,0x04,0x00,0x04,0x01,0x5D,0x55,0x7F,0xFF,0xE0,0x01,0x80,0x00,
  0xF8,0x1F,0xFF,0xCA,0x08,0xAA,0xA0,0x0A,0x7F,0xFF,0xFF,0xFE,0x00,0x63,0x80,0x4E,
  0x00,0x07,0xFF,0x55,0x51,0x55,0x51,0x55,0x7D,0x55,0x7D,0xFE,0x04,0xFF,0x00,0x1E,
  0x00,0x00,0x7F,0xCA,0x02,0xAA,0xA8,0x0A,0x7F,0xFF,0xFF,0xFF,0x9F,0xFE,0x00,0x00,
  0x00,0x03,0x1F,0xD5,0x55,0x55,0x55,0x55,0x55,0x55,0x7D,0x7F,0xFF,0xFE,0x38,0x00,
  0x00,0x83,0x5F,0xCA,0xAA,0xAA,0xAA,0xAA,0x7F,0xFF,0xFF,0xFF,0xFF,0xFC,0x70,0x00,
  0x01,0xE1,0xE3,0xD5,0x51,0x55,0x51,0x55,0x55,0x57,0xFD,0x7F,0xFF,0xF8,0xC0,0x10,
  0x00,0x68,0xE1,0xCA,0xAA,0xAA,0xAA,0xAA,0x7F,0xFF,0xFF,0xFF,0xFF,0xFF,0xF3,0x00,
  0x00,0x01,0xE1,0x95,0x55,0x55,0x55,0x55,0x3F,0xFD,0x5D,0x55,0xFF,0xFF,0xFF,0xCE,
  0x3E,0x07,0xF0,0x8A,0xA8,0xAA,0xA2,0xAA,0x3F,0xFF,0xFF,0xFF,0xFF,0xFF,0xFF,0xFF,
  0xF3,0x8F,0xFD,0x55,0x54,0x55,0x45,0x55,0x5F,0xF5,0x59,0x55,0x57,0xFF,0xF0,0x3F,
  0xE9,0xFF,0xFE,0x8A,0xAA,0x20,0x8A,0xAA,0x2F,0xFF,0xF2,0xFF,0xFF,0xFF,0xE0,0x01,
  0xE4,0x7F,0x59,0x55,0x54,0x15,0x05,0x55,0x53,0xD5,0xC4,0xD5,0x5F,0xFF,0x80,0x00,
  0xEA,0x8F,0xE2,0x8A,0xAA,0x2A,0x8A,0xAA,0x28,0xFE,0x2A,0xFF,0xFF,0xFE,0x00,0x81,
  0x25,0x50,0x15,0x55,0x55,0x15,0x15,0x55,0x55,0x01,0x54,0xDD,0xFF,0xFD,0xF0,0x03,
  0x12,0xAA,0xAA,0x8A,0xAA,0xA0,0xAA,0xAA,0xAA,0xAA,0xA9,0xFF,0xFF,0xFF,0xF8,0x03,
  0x15,0x55,0x55,0x55,0x55,0x55,0x55,0x55,0x55,0x55,0x55,0x5F,0xFF,0xFF,0x18,0x01,
  0x4A,0xAA,0xAA,0x8A,0xAA,0xAA,0xAA,0xAA,0xAA,0xAA,0xAB,0xFF,0xFF,0xC0,0x0C,0x00,
  0x09,0x55,0x55,0x55,0x55,0x55,0x55,0x55,0x55,0x55,0x53,0x55,0xFE,0x00,0x1C,0xC6,
  0x84,0xAA,0xAA,0xAA,0xAA,0xAA,0xAA,0xAA,0xAA,0xAA,0xA7,0xFF,0xFE,0x04,0x00,0x60,
  0xF2,0x55,0x55,0x55,0x55,0x55,0x55,0x55,0x55,0x55,0x4D,0xF5,0xFF,0x00,0x00,0x38,
  0xFF,0x2A,0xAA,0xAA,0xAA,0xAA,0xAA,0xAA,0x2A,0xAA,0x9F,0xFF,0xFF,0x01,0x90,0x38,
  0xFF,0x95,0x55,0x55,0x55,0x55,0x55,0x55,0x55,0x55,0x3F,0x55,0x5F,0xC7,0x00,0x00,
  0xFF,0xE0,0xAA,0x8A,0xAA,0xAA,0xAA,0xAA,0x2A,0xA0,0xFF,0xFF,0xFF,0xFF,0x23,0x80
};
#define FZI_Levelup1_F5_W 128
#define FZI_Levelup1_F5_H 64

static const uint8_t FZI_Levelup1_F6[1024] PROGMEM = {
  0x00,0x00,0x00,0x00,0x00,0x00,0x00,0x00,0x00,0x00,0x00,0x00,0x00,0x00,0x00,0x00,
  0x00,0x00,0x00,0x00,0x00,0x00,0x00,0x00,0x00,0x00,0x00,0x00,0x00,0x00,0x00,0x00,
  0x00,0x00,0x00,0x00,0x00,0x00,0x00,0x00,0x00,0x00,0x00,0x00,0x00,0x00,0x00,0x00,
  0x00,0x00,0x00,0x00,0x00,0x00,0x00,0x00,0x00,0x00,0x00,0x00,0x00,0x00,0x00,0x00,
  0x00,0x00,0x00,0x00,0x00,0x00,0x00,0x00,0x00,0x00,0x00,0x00,0x00,0x00,0x00,0x00,
  0x00,0x00,0x00,0x00,0x00,0x00,0x00,0x00,0x00,0x00,0x00,0x00,0x00,0x00,0x00,0x00,
  0x00,0x00,0x00,0x00,0x00,0x00,0x00,0x00,0x00,0x00,0x00,0x00,0x00,0x00,0x00,0x00,
  0x00,0x00,0x00,0x00,0x00,0x00,0x00,0x00,0x00,0x00,0x00,0x00,0x00,0x00,0x00,0x00,
  0x00,0x00,0x00,0x00,0x00,0x00,0x00,0x00,0x00,0x00,0x00,0x00,0x00,0x00,0x00,0x00,
  0x00,0x00,0x00,0x00,0x00,0x00,0x00,0x00,0x00,0x00,0x00,0x00,0x00,0x00,0x00,0x00,
  0x00,0x00,0x00,0x00,0x00,0x00,0x00,0x00,0x00,0x00,0x00,0x00,0x00,0x00,0x00,0x00,
  0x00,0x00,0x00,0x00,0x00,0x00,0x00,0x00,0x00,0x00,0x00,0x00,0x00,0x00,0x00,0x00,
  0x00,0x00,0x00,0x00,0x00,0x00,0x00,0x00,0x00,0x00,0x00,0x00,0x00,0x00,0x00,0x00,
  0x00,0x00,0x00,0x00,0x00,0x00,0x00,0x00,0x00,0x00,0x00,0x00,0x00,0x00,0x00,0x00,
  0x00,0x00,0x00,0x00,0x00,0x00,0x00,0x08,0x00,0x00,0x00,0x00,0x00,0x00,0x00,0x00,
  0x00,0x00,0x00,0x00,0x00,0x7F,0xC0,0x08,0x00,0x00,0x00,0x00,0x00,0x00,0x00,0x00,
  0x00,0x00,0x00,0x00,0x03,0x80,0x38,0x1C,0x00,0x00,0x00,0x00,0x00,0x00,0x00,0x00,
  0x00,0x00,0x00,0x08,0x0C,0x5F,0x46,0x08,0x00,0x00,0x00,0x00,0x00,0x00,0x00,0x00,
  0x00,0x00,0x00,0x1C,0x33,0xEE,0xF9,0x88,0x00,0x00,0x00,0x00,0x00,0x00,0x00,0x00,
  0x00,0x00,0x00,0x08,0x4F,0xEE,0xFE,0x40,0x00,0x00,0x00,0x00,0x00,0x00,0x00,0x00,
  0x00,0x00,0x00,0x00,0xBF,0xDF,0x7F,0xA0,0x00,0x00,0x00,0x00,0x00,0x00,0x00,0x00,
  0x00,0x00,0x00,0x01,0x7F,0xDF,0x7F,0xD0,0x00,0x00,0x00,0x00,0x00,0x00,0x00,0x00,
  0x00,0x00,0x00,0x02,0xFF,0xDF,0x7F,0xE8,0x00,0x00,0x00,0x00,0x00,0x00,0x00,0x00,
  0x00,0x00,0x00,0x05,0xFF,0xDF,0x7F,0xF4,0x00,0x00,0x00,0x00,0x00,0x00,0x00,0x00,
  0x00,0x00,0x10,0x05,0xFF,0xBF,0xBF,0xF4,0x00,0x00,0x00,0x00,0x00,0x00,0x00,0x00,
  0x00,0x00,0x10,0x0B,0xFF,0xBF,0xBF,0xFA,0x12,0x00,0x00,0x00,0x00,0x00,0x00,0x00,
  0x00,0x00,0x38,0x0B,0xFF,0xBF,0xBF,0xFA,0x02,0x10,0x00,0x00,0x00,0x00,0x00,0x00,
  0x00,0x00,0x10,0x17,0xFF,0xBF,0xBF,0xFD,0x07,0x00,0x00,0x00,0x00,0x00,0x00,0x00,
  0x00,0x40,0x10,0x17,0xFF,0xBF,0xBF,0xFD,0x02,0x00,0x00,0x00,0x00,0x00,0x00,0x00,
  0x00,0x00,0xC0,0x2F,0xFF,0x7F,0xDF,0xFE,0x82,0x00,0x00,0x00,0x00,0x00,0x00,0x00,
  0x00,0x01,0xC0,0x2E,0x1F,0x7F,0xDF,0x0E,0x82,0x3E,0x04,0x40,0x00,0x00,0x00,0x00,
  0x00,0x01,0xC1,0x2D,0xEF,0x00,0x1E,0xF6,0x88,0x1E,0x00,0x00,0x00,0x00,0x00,0x00,
  0x00,0x40,0xE0,0x5B,0xF6,0x7F,0xCD,0xFB,0x50,0x80,0x00,0x00,0x00,0x00,0x00,0x00,
  0x00,0x20,0x20,0x5B,0xF5,0xFF,0xF5,0xFB,0x40,0x00,0x00,0x00,0x00,0x08,0x00,0x00,
  0x00,0x00,0x10,0x55,0xF3,0xFB,0xF9,0xF5,0x40,0x00,0x00,0x70,0x00,0x00,0x00,0x00,
  0x00,0x00,0x00,0x54,0xF3,0xBB,0xB9,0xE5,0x42,0x00,0x00,0xF0,0x00,0x00,0x00,0x40,
  0x00,0x00,0x01,0x54,0xF7,0xBB,0xBD,0xE5,0x40,0x00,0xC1,0xF0,0x30,0x00,0x00,0x80,
  0x1E,0x38,0x80,0x54,0xF7,0xBB,0xBD,0xE5,0x40,0x11,0x87,0xE0,0x20,0x00,0x00,0x00,
  0x1E,0x3C,0x08,0x54,0x77,0xFF,0xFD,0xC5,0x40,0x00,0x0F,0xC0,0x80,0x00,0x00,0x00,
  0x00,0x1F,0x3E,0x54,0x07,0xFF,0xFC,0x05,0x42,0x00,0x1F,0x80,0x00,0x00,0x10,0x00,
  0x00,0x03,0xBF,0x5A,0x06,0x00,0x0C,0x0B,0x40,0x00,0x38,0x00,0x07,0x80,0x00,0x00,
  0x41,0x81,0xB9,0xDB,0x0D,0xFF,0xF4,0x1B,0x4C,0x43,0xF8,0x00,0x01,0xF8,0x00,0x00,
  0x03,0xC0,0x91,0xDD,0xF3,0xFF,0xF9,0xF7,0x50,0x07,0xE0,0x21,0xC0,0x78,0x00,0x00,
  0x03,0xFF,0xE1,0xDE,0x07,0xFF,0xFC,0x0F,0x40,0x0F,0x80,0x41,0xC0,0x38,0x00,0x00,
  0x47,0xFF,0xF0,0xDF,0xF7,0xFF,0xFD,0xFF,0x40,0x08,0x00,0x00,0xC0,0x00,0x02,0x04,
  0xE7,0xFF,0xF0,0xDF,0xFB,0xFF,0xFB,0xFF,0x40,0xC0,0x00,0x40,0xC8,0x80,0x21,0x80,
  0xE3,0x9F,0xBC,0x5F,0xFB,0xFF,0xFB,0xFF,0x7F,0xE0,0xBC,0x09,0xC0,0x00,0x00,0x60,
  0xF7,0x0F,0xDF,0xDF,0xFB,0xFF,0xFB,0xFF,0x7F,0xE0,0x3D,0x07,0x80,0x10,0x40,0x30,
  0xFF,0x1F,0xE7,0x9F,0xFD,0xFF,0xF7,0xFF,0x3F,0x81,0x18,0x3F,0x80,0x08,0x00,0x30,
  0xFC,0x3F,0xF0,0x9F,0xFD,0xFF,0xF7,0xFF,0x3F,0xC3,0x7F,0xFF,0xC7,0xC0,0x08,0x00,
  0x32,0x3F,0xF1,0x5F,0xFC,0xFF,0xE7,0xFF,0x5F,0xFF,0xF9,0xFF,0xFF,0xF9,0xF0,0x00,
  0x2D,0x8F,0xF6,0xDF,0xFE,0x60,0xCF,0xFF,0x6F,0xFF,0xF6,0xFF,0xFF,0xFF,0xF8,0x08,
  0x2E,0x7F,0xF9,0xDF,0xFE,0x1F,0x0F,0xFF,0x73,0xFF,0xCE,0xF3,0xFF,0xF0,0xF8,0x00,
  0x2F,0x8F,0xE7,0xDF,0xFF,0x7F,0xDF,0xFF,0x7C,0xFE,0x3E,0xE2,0xFF,0x80,0x70,0x00,
  0x2F,0xF0,0x1F,0xDF,0xFF,0x9F,0x3F,0xFF,0x7F,0x01,0xFE,0xFE,0x0F,0x88,0x00,0xC8,
  0x17,0xFF,0xFF,0xDF,0xFF,0xE0,0xFF,0xFF,0xFF,0xFF,0xFD,0xFC,0x2F,0xC0,0x00,0x7C,
  0x17,0xFF,0xFF,0xDF,0xFF,0xFF,0xFF,0xFF,0xFF,0xFF,0xFD,0xFC,0x77,0xE4,0xE0,0x1E,
  0x0B,0xFF,0xFF,0xDF,0xFF,0xFF,0xFF,0xFF,0xFF,0xFF,0xFB,0xFF,0xF9,0xF0,0xE1,0x07,
  0x1B,0xFF,0xFF,0xDF,0xFF,0xFF,0xFF,0xFF,0xFF,0xFF,0xFB,0xFF,0xF0,0x71,0xE0,0x03,
  0x3D,0xFF,0xFF,0xFF,0xFF,0xFF,0xFF,0xFF,0xFF,0xFF,0xF7,0xFF,0xF8,0x3F,0xE0,0x03,
  0x1E,0xFF,0xFF,0xFF,0xFF,0xFF,0xFF,0xFF,0xFF,0xFF,0xEC,0xFF,0xFF,0x8F,0x0C,0x0B,
  0x3F,0x7F,0xFF,0xFF,0xFF,0xFF,0xFF,0xFF,0x7F,0xFF,0xD0,0x3C,0x0F,0xE0,0x27,0xC1,
  0x5F,0x9F,0xFF,0xDF,0xFF,0xFF,0xFF,0xFF,0x7F,0xFF,0x20,0x18,0x07,0xF1,0x21,0xC0,
  0xFF,0xE0,0xFF,0xDF,0xFF,0xFF,0xFF,0xFF,0x7F,0xE0,0xF1,0xC3,0xC3,0xF8,0x00,0x00
};
#define FZI_Levelup1_F6_W 128
#define FZI_Levelup1_F6_H 64

static const uint8_t FZI_Levelup1_F7[1024] PROGMEM = {
  0x00,0x00,0x00,0x00,0x00,0x00,0x00,0x00,0x00,0x00,0x00,0x00,0x00,0x00,0x00,0x00,
  0x00,0x00,0x00,0x00,0x00,0x00,0x00,0x00,0x00,0x00,0x00,0x00,0x00,0x00,0x00,0x00,
  0x00,0x00,0x00,0x00,0x00,0x00,0x00,0x00,0x00,0x00,0x00,0x00,0x00,0x00,0x00,0x00,
  0x00,0x00,0x00,0x00,0x00,0x00,0x00,0x00,0x00,0x00,0x00,0x00,0x00,0x00,0x00,0x00,
  0x00,0x00,0x00,0x00,0x00,0x00,0x00,0x00,0x00,0x00,0x00,0x00,0x00,0x00,0x00,0x00,
  0x00,0x00,0x00,0x00,0x00,0x00,0x00,0x00,0x00,0x00,0x00,0x00,0x00,0x00,0x00,0x00,
  0x00,0x00,0x00,0x00,0x00,0x00,0x00,0x00,0x00,0x00,0x00,0x00,0x00,0x00,0x00,0x00,
  0x00,0x00,0x00,0x00,0x00,0x00,0x00,0x00,0x00,0x00,0x00,0x00,0x00,0x00,0x00,0x00,
  0x00,0x00,0x00,0x00,0x00,0x00,0x00,0x00,0x00,0x00,0x00,0x00,0x00,0x00,0x00,0x00,
  0x00,0x00,0x00,0x00,0x00,0x00,0x00,0x00,0x00,0x00,0x00,0x00,0x00,0x00,0x00,0x00,
  0x00,0x00,0x00,0x00,0x00,0x00,0x00,0x20,0x00,0x00,0x00,0x00,0x00,0x00,0x00,0x00,
  0x00,0x00,0x00,0x00,0x00,0x00,0x00,0x04,0x00,0x00,0x00,0x00,0x00,0x00,0x00,0x00,
  0x00,0x00,0x00,0x00,0x00,0x00,0x00,0x00,0x00,0x00,0x00,0x00,0x00,0x00,0x00,0x00,
  0x00,0x00,0x00,0x00,0x00,0x00,0x00,0x04,0x00,0x00,0x00,0x00,0x00,0x00,0x00,0x00,
  0x00,0x00,0x00,0x00,0x00,0xFF,0x80,0x04,0x00,0x00,0x00,0x00,0x00,0x00,0x00,0x00,
  0x00,0x00,0x00,0x40,0x07,0x00,0x70,0x04,0x00,0x00,0x00,0x00,0x00,0x00,0x00,0x00,
  0x00,0x00,0x00,0x40,0x18,0x3F,0x8C,0x3F,0x80,0x00,0x00,0x00,0x00,0x00,0x00,0x00,
  0x00,0x00,0x00,0xE0,0x67,0xCF,0xF3,0x04,0x00,0x00,0x00,0x00,0x00,0x00,0x00,0x00,
  0x00,0x00,0x00,0x40,0x9F,0xF7,0xFC,0x84,0x00,0x00,0x00,0x00,0x00,0x00,0x00,0x00,
  0x00,0x00,0x00,0x41,0x7F,0xFB,0xFE,0x44,0x00,0x00,0x00,0x00,0x00,0x00,0x00,0x00,
  0x00,0x00,0x00,0x02,0xFF,0xFD,0xFF,0x24,0x00,0x00,0x00,0x00,0x00,0x00,0x00,0x00,
  0x00,0x00,0x00,0x05,0xFF,0xFD,0xFF,0x50,0x00,0x00,0x00,0x00,0x00,0x00,0x00,0x00,
  0x00,0x00,0x00,0x0B,0xFF,0xFE,0xFF,0xA8,0x00,0x00,0x00,0x00,0x00,0x00,0x00,0x00,
  0x00,0x00,0x00,0x0B,0xFF,0xFE,0xE0,0x28,0x00,0x00,0x00,0x00,0x00,0x00,0x00,0x00,
  0x00,0x00,0x20,0x17,0xFF,0xFE,0x1F,0x94,0x02,0x00,0x00,0x00,0x00,0x00,0x00,0x00,
  0x00,0x00,0x00,0x17,0x80,0xFC,0xFF,0xE4,0x00,0x00,0x00,0x00,0x00,0x00,0x00,0x00,
  0x00,0x00,0x20,0x2F,0x7F,0x7B,0xFD,0xF2,0x02,0x00,0x00,0x00,0x00,0x00,0x00,0x00,
  0x00,0x00,0x20,0x2E,0xC1,0xB7,0xFD,0xE2,0x02,0x00,0x00,0x00,0x00,0x00,0x00,0x00,
  0x00,0x00,0x20,0x2D,0xBE,0xCF,0xBE,0xE2,0x02,0x00,0x00,0x00,0x00,0x00,0x00,0x00,
  0x00,0x00,0xF8,0x5D,0x47,0x5F,0xBE,0xF5,0x07,0x00,0x00,0x00,0x00,0x00,0x00,0x00,
  0x00,0x00,0x20,0x5B,0x07,0x6F,0xDE,0xF1,0x2F,0xA0,0x00,0x00,0x00,0x00,0x00,0x00,
  0x00,0x00,0x20,0x5A,0x86,0xAF,0xDF,0x01,0x07,0x00,0x00,0x00,0x00,0x00,0x00,0x00,
  0x00,0x00,0x00,0x5A,0x80,0xAF,0xFC,0xF1,0x02,0x00,0x00,0x00,0x00,0x00,0x00,0x00,
  0x00,0x00,0x20,0xBA,0x80,0xAF,0xF3,0xF8,0x82,0x00,0x00,0x00,0x00,0x00,0x00,0x00,
  0x00,0x00,0x00,0xBA,0x80,0xAF,0xEF,0xFC,0x82,0x80,0x00,0x00,0x00,0x00,0x00,0x00,
  0x00,0x00,0x00,0xBD,0x00,0xAF,0x9F,0xFE,0x80,0x00,0x40,0x00,0x00,0x00,0x00,0x00,
  0x00,0x03,0x00,0xBD,0x41,0x4C,0x7F,0xC6,0x82,0x00,0x00,0x00,0x00,0x00,0x00,0x00,
  0x00,0x01,0x88,0xBE,0xA0,0x03,0xFF,0x3A,0x84,0x00,0x00,0x00,0x00,0x00,0x00,0x00,
  0x00,0x00,0x00,0xBE,0xC7,0xFF,0xFC,0xFC,0x80,0x00,0x00,0x00,0x00,0x00,0x00,0x00,
  0x00,0x00,0x00,0xBF,0x2F,0xFF,0xFB,0xFC,0x40,0x10,0x00,0x00,0x00,0x00,0x00,0x00,
  0x00,0x00,0x00,0xBF,0xDF,0xFF,0xF7,0xFD,0x40,0x00,0x08,0x00,0x00,0x00,0x00,0x00,
  0x01,0x00,0x08,0xBF,0xDF,0xFF,0xEF,0xFD,0x40,0x00,0x38,0x00,0x00,0x00,0x00,0x00,
  0x00,0x00,0x00,0xBF,0xDF,0x7F,0x9F,0xFB,0x40,0x00,0x20,0x18,0x00,0x00,0x00,0x00,
  0x00,0x00,0x00,0xBF,0xFF,0x9E,0x7F,0xFB,0x40,0x00,0x00,0x38,0x00,0x00,0x00,0x00,
  0xE0,0x00,0x00,0xBF,0xFF,0xE1,0xFF,0xF7,0x40,0x00,0x00,0x70,0x00,0x00,0x00,0x00,
  0xF0,0x03,0x00,0xBF,0xFF,0xFF,0xFF,0xEF,0x40,0x00,0x01,0x40,0x00,0x00,0x00,0x00,
  0xF8,0x03,0xC4,0xBF,0xFF,0xFF,0xFF,0xDF,0x40,0x00,0x00,0x00,0x00,0x18,0x00,0x00,
  0xF8,0x03,0xC0,0xBF,0xFF,0xFF,0xFF,0xBF,0x40,0x03,0x80,0x00,0x00,0xF8,0x00,0x00,
  0x7C,0xC0,0x00,0xBF,0xFF,0xFF,0xFF,0x7F,0x42,0x07,0x80,0x00,0x02,0x38,0x00,0x00,
  0x1F,0xF0,0x00,0xBF,0xFF,0xFF,0xFF,0xFF,0x40,0x1C,0x00,0x10,0x0F,0x80,0x00,0x00,
  0x07,0xEC,0x01,0x7F,0xFF,0xFF,0xFF,0xFF,0x20,0x00,0x00,0x00,0x71,0xFC,0x00,0x00,
  0x00,0x01,0x01,0x7F,0xFF,0xFF,0xFF,0xFF,0x20,0x00,0x0C,0x00,0x00,0x7E,0x00,0x00,
  0x00,0x00,0x82,0xFF,0xFF,0xFF,0xFF,0xFF,0x50,0x00,0x12,0x00,0x00,0x1F,0x00,0x00,
  0x18,0x00,0x02,0xFF,0xFF,0xFF,0xFF,0xFF,0x50,0x00,0x2D,0x00,0x00,0x0F,0x00,0x30,
  0x26,0x00,0x0D,0xFF,0xFF,0xFF,0xFF,0xFF,0x68,0x00,0xDD,0x00,0x00,0x0E,0x00,0x70,
  0x59,0x80,0x33,0xFF,0xFF,0xFF,0xFF,0xFF,0x76,0x07,0x3D,0xF4,0x00,0x00,0x00,0x00,
  0x5E,0x7F,0xCF,0xFF,0xFF,0xFF,0xFF,0xFF,0x79,0xF8,0xFD,0xF8,0x78,0x20,0x00,0x00,
  0x5F,0x80,0x3F,0xFF,0xFF,0xFF,0xFF,0xFF,0x7E,0x07,0xFB,0xFF,0xFC,0x00,0x00,0x00,
  0x5F,0xFF,0xFF,0xFF,0xFF,0xFF,0xFF,0xFF,0x7F,0xFF,0xFB,0xF0,0x3F,0x80,0x80,0x00,
  0x2F,0xFF,0xFF,0xBF,0xFF,0xFF,0xFF,0xFF,0x7F,0xFF,0xF7,0xF0,0x07,0x80,0x06,0x00,
  0xEF,0xFF,0xFF,0xBF,0xFF,0xFF,0xFF,0xFF,0x7F,0xFF,0xF7,0xE7,0x81,0x86,0x0F,0x00,
  0x17,0xFF,0xFF,0xBF,0xFF,0xFF,0xFF,0xFF,0x7F,0xFF,0xE9,0xF3,0xE0,0x0E,0x1F,0x00,
  0x17,0xFF,0xFF,0xBF,0xFF,0xFF,0xFF,0xFF,0x7F,0xFF,0xD0,0xF8,0x7F,0xFE,0x00,0x00,
  0x0B,0xFF,0xFF,0xBF,0xFF,0xFF,0xFF,0xFF,0x7F,0xFF,0xA0,0x78,0x1F,0xFC,0x00,0x00
};
#define FZI_Levelup1_F7_W 128
#define FZI_Levelup1_F7_H 64

static const uint8_t FZI_Levelup1_F8[1024] PROGMEM = {
  0x00,0x00,0x00,0x00,0x00,0x00,0x00,0x00,0x00,0x00,0x00,0x00,0x00,0x00,0x00,0x00,
  0x00,0x00,0x00,0x00,0x00,0x00,0x00,0x00,0x00,0x00,0x00,0x00,0x00,0x00,0x00,0x00,
  0x00,0x00,0x00,0x00,0x00,0x00,0x00,0x00,0x00,0x00,0x00,0x00,0x00,0x00,0x00,0x00,
  0x00,0x00,0x00,0x00,0x00,0x00,0x00,0x00,0x00,0x00,0x00,0x00,0x00,0x00,0x00,0x00,
  0x00,0x00,0x00,0x00,0x00,0x00,0x00,0x00,0x00,0x00,0x00,0x00,0x00,0x00,0x00,0x00,
  0x00,0x00,0x00,0x00,0x00,0x00,0x00,0x00,0x00,0x00,0x00,0x00,0x00,0x00,0x00,0x00,
  0x00,0x00,0x00,0x00,0x00,0x00,0x00,0x00,0x00,0x00,0x00,0x00,0x00,0x00,0x00,0x00,
  0x00,0x00,0x00,0x00,0x00,0x00,0x00,0x00,0x00,0x00,0x00,0x00,0x00,0x00,0x00,0x00,
  0x00,0x00,0x00,0x00,0x00,0x00,0x00,0x00,0x00,0x00,0x00,0x00,0x00,0x00,0x00,0x00,
  0x00,0x00,0x00,0x00,0x00,0x00,0x00,0x20,0x00,0x00,0x00,0x00,0x00,0x00,0x00,0x00,
  0x00,0x00,0x00,0x00,0x00,0x00,0x00,0x20,0x00,0x00,0x00,0x00,0x00,0x00,0x00,0x00,
  0x00,0x00,0x00,0x00,0x00,0x00,0x00,0x00,0x00,0x00,0x00,0x00,0x00,0x00,0x00,0x00,
  0x00,0x00,0x00,0x00,0x00,0x00,0x00,0x20,0x00,0x00,0x00,0x00,0x00,0x00,0x00,0x00,
  0x00,0x00,0x00,0x00,0x00,0x00,0x00,0x00,0x00,0x00,0x00,0x00,0x00,0x00,0x00,0x00,
  0x00,0x00,0x00,0x00,0x0F,0xF8,0x00,0x20,0x00,0x00,0x00,0x00,0x00,0x00,0x00,0x00,
  0x00,0x00,0x00,0x00,0x70,0x07,0x00,0x20,0x00,0x00,0x00,0x00,0x00,0x00,0x00,0x00,
  0x00,0x00,0x00,0x01,0x81,0xF8,0xC0,0xF8,0x00,0x00,0x00,0x00,0x00,0x00,0x00,0x00,
  0x00,0x00,0x00,0x06,0x7E,0x1F,0x30,0x20,0x00,0x00,0x00,0x00,0x00,0x00,0x00,0x00,
  0x00,0x00,0x00,0x09,0xFF,0xEF,0xC8,0x20,0x00,0x00,0x00,0x0C,0x6F,0xB3,0x30,0x00,
  0x00,0x00,0x00,0x17,0xFF,0xF7,0xF4,0x00,0x00,0x00,0x00,0x0E,0x6C,0x33,0x30,0x00,
  0x00,0x00,0x00,0x2F,0xFF,0xFB,0xE2,0x20,0x00,0x00,0x00,0x0E,0x6C,0x33,0x30,0x00,
  0x00,0x00,0x00,0x5F,0xFF,0xFB,0x9D,0x00,0x00,0x00,0x00,0x0D,0x6F,0x9B,0x60,0x00,
  0x00,0x00,0x80,0xBF,0xFF,0xFD,0x7E,0x80,0x08,0x00,0x00,0x0D,0x6C,0x1B,0x60,0x00,
  0x00,0x00,0x80,0xBF,0xFF,0xFC,0xFF,0x40,0x08,0x00,0x00,0x0C,0xEC,0x1F,0xE0,0x00,
  0x00,0x00,0x01,0x7F,0x80,0xFD,0xF7,0x40,0x1C,0x00,0x00,0x0C,0xEC,0x0C,0xC0,0x00,
  0x00,0x00,0x81,0x7F,0x7F,0x7B,0xFB,0xA0,0x08,0x00,0x00,0x0C,0x6F,0x8C,0xC0,0x00,
  0x00,0x01,0xC0,0xFE,0xC1,0xB7,0xFD,0xA0,0x08,0x00,0x00,0x00,0x00,0x00,0x00,0x00,
  0x00,0x00,0x82,0xFD,0xBE,0xD7,0x7D,0xDF,0x00,0x00,0x00,0x00,0x00,0x00,0x00,0x00,
  0x00,0x00,0x82,0xFB,0x07,0x6F,0xBD,0xC0,0xC0,0x00,0x00,0x00,0x00,0x00,0x00,0x00,
  0x00,0x00,0x05,0xFA,0x33,0xAF,0xDF,0x9F,0x20,0x00,0x0C,0x3E,0xC6,0xFB,0x0D,0xB0,
  0x00,0x00,0x85,0xFA,0x39,0xB7,0xDF,0x7F,0xD0,0x00,0x0C,0x30,0xC6,0xC3,0x0D,0xB0,
  0x00,0x00,0x05,0xFA,0x31,0xD7,0xFC,0xFF,0xE8,0x00,0x0C,0x30,0x6C,0xC3,0x0D,0xB0,
  0x00,0x00,0x05,0xFA,0x00,0xD7,0xFB,0xFF,0xE8,0x00,0x0C,0x3E,0x6C,0xFB,0x0D,0xB0,
  0x00,0x00,0x05,0xFA,0x00,0xD7,0xE7,0xFE,0x28,0x00,0x0C,0x30,0x6C,0xC3,0x09,0x20,
  0x00,0x00,0x05,0xFA,0x00,0xD7,0x1F,0xF9,0xC8,0x00,0x0C,0x30,0x38,0xC3,0x09,0x20,
  0x00,0x00,0x05,0xFB,0x00,0xB4,0xFF,0xE7,0xE8,0x00,0x0C,0x30,0x38,0xC3,0x00,0x00,
  0x00,0x00,0x05,0xFD,0x80,0x23,0xFF,0xDF,0xE8,0x00,0x0F,0xBE,0x10,0xFB,0xED,0xB0,
  0x00,0x00,0x05,0xFE,0xC7,0xCF,0xFF,0xBF,0xD0,0x00,0x00,0x00,0x00,0x00,0x00,0x00,
  0x00,0x00,0x05,0xFF,0x5F,0xEF,0xFF,0x7F,0xD0,0x00,0x00,0x00,0x00,0x00,0x00,0x00,
  0x00,0x00,0x05,0xFF,0xBF,0xFF,0xFC,0xFF,0xA0,0x00,0x00,0x00,0x00,0x00,0x00,0x00,
  0x00,0x00,0x05,0xFF,0xBF,0xFF,0xF3,0xFF,0xA0,0x00,0x00,0x00,0x00,0x00,0x00,0x00,
  0x00,0x00,0x05,0xFF,0xFE,0xFF,0xCF,0xFF,0x40,0x00,0x00,0x00,0x00,0x00,0x00,0x00,
  0x00,0x00,0x05,0xFF,0xFF,0x3E,0x3F,0xFE,0x80,0x00,0x00,0x00,0x00,0x00,0x00,0x00,
  0x00,0x00,0x05,0xFF,0xFF,0xC1,0xFF,0xFD,0x00,0x00,0x00,0x0F,0xFF,0xFF,0xFE,0x00,
  0x00,0x00,0x05,0xFF,0xFF,0xFF,0xFF,0xFA,0x00,0x00,0x00,0x30,0x00,0x00,0x01,0x00,
  0x00,0x00,0x05,0xFF,0xFF,0xFF,0xFF,0xF4,0x00,0x00,0x00,0x4F,0xFF,0xFF,0xFE,0x80,
  0x00,0x00,0x05,0xFF,0xFF,0xFF,0xFF,0xE4,0x00,0x00,0x00,0x9F,0xFF,0xFF,0xFF,0x40,
  0x00,0x00,0x05,0xFF,0xFF,0xFF,0xFF,0xD4,0x00,0x00,0x00,0x9F,0xFF,0xFF,0xFF,0x40,
  0x00,0x00,0x05,0xFF,0xFF,0xFF,0xFF,0xF4,0x00,0x00,0x00,0x9F,0xC6,0xEE,0xFF,0x40,
  0x00,0x00,0x0D,0xFF,0xFF,0xFF,0xFF,0xF4,0x00,0x00,0x00,0x9F,0xBA,0xDE,0x7F,0x40,
  0x00,0x02,0x0B,0xFF,0xFF,0xFF,0xFF,0xFA,0x00,0x00,0x00,0x9F,0xBA,0xBE,0x3F,0x40,
  0x00,0x00,0x0B,0xFF,0xFF,0xFF,0xFF,0xF9,0x00,0x00,0x00,0x9F,0xBA,0x7E,0x1F,0x40,
  0x00,0x00,0x17,0xFF,0xFF,0xFF,0xFF,0xF9,0x04,0x02,0x00,0x9F,0xBA,0xBE,0x3F,0x40,
  0x00,0x00,0x17,0xFF,0xFF,0xFF,0xFF,0xFA,0x80,0x00,0x80,0x9F,0xBA,0xDE,0x7F,0x40,
  0x00,0x00,0x2F,0xFF,0xFF,0xFF,0xFF,0xFA,0x80,0x00,0xC0,0x9F,0xC6,0xEE,0xFF,0x40,
  0x00,0x04,0x5F,0xFF,0xFF,0xFF,0xFF,0xFB,0x40,0x00,0x00,0x9F,0xFF,0xFF,0xFF,0x40,
  0x10,0x70,0xBF,0xFF,0xFF,0xFF,0xFF,0xFD,0xA0,0x40,0x00,0x9F,0xFF,0xFF,0xFF,0x40,
  0x00,0xE1,0x7F,0xFF,0xFF,0xFF,0xFF,0xFD,0xD0,0x00,0x00,0x8F,0xFF,0xFF,0xFE,0x80,
  0x00,0x06,0xFF,0xFF,0xFF,0xFF,0xFF,0xFD,0xEC,0x00,0x00,0x40,0x00,0x00,0x01,0x00,
  0x00,0x19,0xFF,0xFF,0xFF,0xFF,0xFF,0xFD,0xF3,0x00,0xE0,0x20,0x00,0x00,0x02,0x00,
  0x00,0x67,0xFD,0xFF,0xFF,0xFF,0xFF,0xFD,0xFC,0xFF,0x10,0x1F,0xFF,0xFF,0xFC,0x00,
  0x7F,0x9F,0xFD,0xFF,0xFF,0xFF,0xFF,0xFD,0xFF,0x00,0xE8,0x00,0x00,0x00,0x00,0x00,
  0x80,0x7F,0xFD,0xFF,0xFF,0xFF,0xFF,0xFD,0xFF,0xFF,0xE8,0x40,0x04,0x00,0x00,0x00,
  0x7F,0xFF,0xFD,0xFF,0xFF,0xFF,0xFF,0xFD,0xFF,0xFF,0xE8,0x38,0x00,0x00,0x00,0x00
};
#define FZI_Levelup1_F8_W 128
#define FZI_Levelup1_F8_H 64

static const uint8_t FZI_Levelup1_F9[1024] PROGMEM = {
  0x00,0x00,0x00,0x00,0x00,0x00,0x00,0x00,0x00,0x00,0x00,0x00,0x00,0x00,0x00,0x00,
  0x00,0x00,0x00,0x00,0x00,0x00,0x00,0x00,0x00,0x00,0x00,0x00,0x00,0x00,0x00,0x00,
  0x00,0x00,0x00,0x00,0x00,0x00,0x00,0x00,0x00,0x00,0x00,0x00,0x00,0x00,0x00,0x00,
  0x00,0x00,0x00,0x00,0x00,0x00,0x00,0x00,0x00,0x00,0x00,0x00,0x00,0x00,0x00,0x00,
  0x00,0x00,0x00,0x00,0x00,0x00,0x00,0x00,0x00,0x00,0x00,0x00,0x00,0x00,0x00,0x00,
  0x00,0x00,0x00,0x00,0x00,0x00,0x00,0x00,0x00,0x00,0x00,0x00,0x00,0x00,0x00,0x00,
  0x00,0x00,0x00,0x00,0x00,0x00,0x00,0x00,0x00,0x00,0x00,0x00,0x00,0x00,0x00,0x00,
  0x00,0x00,0x00,0x00,0x00,0x00,0x00,0x00,0x00,0x00,0x00,0x00,0x00,0x00,0x00,0x00,
  0x00,0x00,0x00,0x00,0x00,0x00,0x00,0x00,0x00,0x00,0x00,0x00,0x00,0x00,0x00,0x00,
  0x00,0x00,0x00,0x00,0x00,0x00,0x00,0x00,0x00,0x00,0x00,0x00,0x00,0x00,0x00,0x00,
  0x00,0x00,0x00,0x00,0x00,0x00,0x00,0x00,0x00,0x00,0x00,0x00,0x00,0x00,0x00,0x00,
  0x00,0x00,0x00,0x00,0x00,0x00,0x00,0x00,0x00,0x00,0x00,0x00,0x00,0x00,0x00,0x00,
  0x00,0x00,0x00,0x00,0x00,0x00,0x08,0x00,0x00,0x00,0x00,0x00,0x00,0x00,0x00,0x00,
  0x00,0x00,0x00,0x00,0x00,0x00,0x08,0x00,0x00,0x00,0x00,0x00,0x00,0x00,0x00,0x00,
  0x00,0x00,0x00,0x00,0x3F,0xE0,0x08,0x00,0x00,0x00,0x00,0x00,0x00,0x00,0x00,0x00,
  0x00,0x01,0x00,0x01,0xC0,0x1C,0x3E,0x00,0x00,0x00,0x00,0x00,0x00,0x00,0x00,0x00,
  0x00,0x00,0x00,0x06,0x0F,0xE3,0x08,0x00,0x00,0x00,0x00,0x00,0x00,0x00,0x00,0x00,
  0x00,0x01,0x00,0x19,0xF0,0xFC,0x88,0x00,0x00,0x00,0x00,0x00,0x00,0x00,0x00,0x00,
  0x00,0x01,0x00,0x27,0xFF,0x3F,0x48,0x00,0x00,0x00,0x00,0x0C,0x6F,0xB3,0x30,0x00,
  0x00,0x01,0x00,0x5F,0xFF,0xCF,0xA0,0x00,0x00,0x00,0x00,0x0E,0x6C,0x33,0x30,0x00,
  0x00,0x01,0x00,0xBF,0xFF,0xF7,0xDC,0x00,0x08,0x00,0x00,0x0E,0x6C,0x33,0x30,0x00,
  0x00,0x0B,0xA1,0x7F,0xFF,0xFB,0x82,0x00,0x08,0x00,0x00,0x0D,0x6F,0x9B,0x60,0x00,
  0x00,0x01,0x02,0xFF,0xFF,0xFD,0x7D,0x00,0x08,0x00,0x00,0x0D,0x6C,0x1B,0x60,0x00,
  0x00,0x01,0x02,0xFF,0xFF,0xFE,0xFE,0x80,0x1C,0x00,0x00,0x0C,0xEC,0x1F,0xE0,0x00,
  0x00,0x01,0x05,0xFF,0x03,0xFD,0xF6,0x80,0x7F,0x00,0x00,0x0C,0xEC,0x0C,0xC0,0x00,
  0x00,0x00,0x05,0xFC,0xFC,0xFB,0xFB,0x40,0x1C,0x00,0x00,0x0C,0x6F,0x8C,0xC0,0x00,
  0x00,0x01,0x0B,0xFB,0x87,0x77,0xFB,0x40,0x08,0x00,0x00,0x00,0x00,0x00,0x00,0x00,
  0x00,0x00,0x0B,0xF6,0x79,0xAF,0x7B,0xBC,0x08,0x00,0x00,0x00,0x00,0x00,0x00,0x00,
  0x00,0x00,0x0B,0xF5,0x06,0x9F,0xBF,0xA3,0x08,0x00,0x00,0x00,0x00,0x00,0x00,0x00,
  0x00,0x00,0x17,0xEC,0x32,0xDF,0xBF,0x9C,0x80,0x00,0x0C,0x3E,0xC6,0xFB,0x0D,0xB0,
  0x00,0x00,0x17,0xE8,0x39,0x5F,0xBE,0x7F,0x40,0x00,0x0C,0x30,0xC6,0xC3,0x0D,0xB0,
  0x00,0x00,0x17,0xE8,0x31,0x5F,0xFD,0xFF,0xA0,0x00,0x0C,0x30,0x6C,0xC3,0x0D,0xB0,
  0x00,0x00,0x17,0xE8,0x01,0x5F,0xF3,0xFF,0xA0,0x00,0x0C,0x3E,0x6C,0xFB,0x0D,0xB0,
  0x00,0x00,0x17,0xE8,0x01,0x5F,0xCF,0xFC,0x20,0x00,0x0C,0x30,0x6C,0xC3,0x09,0x20,
  0x00,0x00,0x2F,0xEC,0x00,0xDF,0x3F,0xF0,0x20,0x00,0x0C,0x30,0x38,0xC3,0x09,0x20,
  0x00,0x00,0x2F,0xF4,0x00,0xBC,0xFF,0xE0,0x41,0x00,0x0C,0x30,0x38,0xC3,0x00,0x00,
  0x00,0x00,0x2F,0xF6,0x0F,0x03,0xFF,0xC0,0x83,0x80,0x0F,0xBE,0x10,0xFB,0xED,0xB0,
  0x00,0x00,0x2F,0xFB,0xBF,0xDF,0xFF,0x01,0x01,0x00,0x00,0x00,0x00,0x00,0x00,0x00,
  0x00,0x00,0x2F,0xFC,0x7F,0xFF,0xFE,0x02,0x00,0x00,0x00,0x00,0x00,0x00,0x00,0x00,
  0x00,0x00,0x2F,0xFF,0x7F,0xFF,0xF8,0x04,0x00,0x00,0x00,0x00,0x00,0x00,0x00,0x00,
  0x00,0x10,0x2F,0xFF,0x7F,0xFF,0xE0,0x08,0x00,0x00,0x00,0x00,0x00,0x00,0x00,0x00,
  0x00,0x10,0x2F,0xFF,0xFD,0xFF,0x8C,0x3F,0x80,0x00,0x00,0x00,0x00,0x00,0x00,0x00,
  0x00,0x38,0x2F,0xFF,0xFE,0x7C,0x3F,0x00,0x40,0x00,0x00,0x00,0x00,0x00,0x00,0x00,
  0x00,0x10,0x2F,0xFF,0xFF,0x80,0x7F,0xF0,0x20,0x00,0x00,0x0F,0xFF,0xFF,0xFE,0x00,
  0x00,0x10,0x2F,0xFF,0xFF,0xFF,0x80,0x0F,0xA0,0x00,0x00,0x30,0x00,0x00,0x01,0x00,
  0x00,0x00,0x2F,0xFF,0xFF,0xFF,0xFF,0xFF,0xA0,0x00,0x00,0x4F,0xFF,0xFF,0xFE,0x80,
  0x00,0x00,0x2F,0xFF,0xFF,0xFF,0xFF,0xFF,0x20,0x00,0x00,0x9F,0xFF,0xFF,0xFF,0x40,
  0x00,0x00,0x2F,0xFF,0xFF,0xFF,0xFF,0xFC,0xC0,0x00,0x00,0x9F,0xFF,0xFF,0xFF,0x40,
  0x00,0x00,0x2F,0xFF,0xFF,0xFF,0xFF,0xF3,0x00,0x00,0x00,0x9F,0xC6,0xEE,0xFF,0x40,
  0x00,0x00,0x2F,0xFF,0xFF,0xFF,0xFF,0x8C,0x00,0x00,0x00,0x9F,0xBA,0xDE,0x7F,0x40,
  0x00,0x00,0x2F,0xFF,0xFF,0xFF,0xFC,0x20,0x00,0x00,0x00,0x9F,0xBA,0xBE,0x3F,0x40,
  0x00,0x00,0x2F,0xFF,0xFF,0xFF,0xC0,0x20,0x00,0x00,0x00,0x9F,0xBA,0x7E,0x1F,0x40,
  0x00,0x00,0x5F,0xFF,0xFF,0xFF,0xE0,0x20,0x00,0x00,0x00,0x9F,0xBA,0xBE,0x3F,0x40,
  0x00,0x00,0x5F,0xFF,0xFF,0xFF,0xF8,0x50,0x00,0x00,0x00,0x9F,0xBA,0xDE,0x7F,0x40,
  0x00,0x00,0x5F,0xFF,0xFF,0xFF,0xFF,0xD0,0x00,0x00,0x00,0x9F,0xC6,0xEE,0xFF,0x40,
  0x00,0x00,0xBF,0xFF,0xFF,0xFF,0xFF,0xC8,0x00,0x00,0x00,0x9F,0xFF,0xFF,0xFF,0x40,
  0x00,0x00,0xBF,0xFF,0xFF,0xFF,0xFF,0xC8,0x00,0x00,0x00,0x9F,0xFF,0xFF,0xFF,0x40,
  0x00,0x01,0x7F,0xFF,0xFF,0xFF,0xFF,0xE4,0x00,0x00,0x00,0x8F,0xFF,0xFF,0xFE,0x80,
  0x00,0x01,0x7F,0xFF,0xFF,0xFF,0xFF,0xE4,0x00,0x00,0x00,0x40,0x00,0x00,0x01,0x00,
  0x00,0x02,0xFF,0xFF,0xFF,0xFF,0xFF,0xEA,0x00,0x00,0x00,0x20,0x00,0x00,0x02,0x00,
  0x00,0x02,0xFF,0xFD,0xFF,0xFF,0xFF,0xEA,0x00,0x00,0x00,0x1F,0xFF,0xFF,0xFC,0x00,
  0x00,0x05,0xFF,0xFD,0xFF,0xFF,0xFF,0xED,0x00,0x00,0x00,0x00,0x00,0x00,0x00,0x00,
  0x00,0x0B,0xFF,0xFB,0xFF,0xFF,0xFF,0xEE,0x80,0x00,0x00,0x00,0x00,0x00,0x00,0x00,
  0x00,0x17,0xFF,0xFB,0xFF,0xFF,0xFF,0xEF,0x40,0x00,0x00,0x00,0x00,0x00,0x00,0x00
};
#define FZI_Levelup1_F9_W 128
#define FZI_Levelup1_F9_H 64

static const uint8_t FZI_Levelup1_F10[1024] PROGMEM = {
  0x00,0x00,0x00,0x00,0x00,0x00,0x00,0x00,0x00,0x00,0x00,0x00,0x00,0x00,0x00,0x00,
  0x00,0x00,0x00,0x00,0x00,0x00,0x00,0x00,0x00,0x00,0x00,0x00,0x00,0x00,0x00,0x00,
  0x00,0x00,0x00,0x00,0x00,0x00,0x00,0x00,0x00,0x00,0x00,0x00,0x00,0x00,0x00,0x00,
  0x00,0x00,0x00,0x00,0x00,0x00,0x00,0x00,0x00,0x00,0x00,0x00,0x00,0x00,0x00,0x00,
  0x00,0x00,0x00,0x00,0x00,0x00,0x00,0x00,0x00,0x00,0x00,0x00,0x00,0x00,0x00,0x00,
  0x00,0x00,0x00,0x00,0x00,0x00,0x00,0x00,0x00,0x00,0x00,0x00,0x00,0x00,0x00,0x00,
  0x00,0x00,0x00,0x00,0x00,0x00,0x00,0x00,0x00,0x00,0x00,0x00,0x00,0x00,0x00,0x00,
  0x00,0x00,0x00,0x00,0x00,0x00,0x00,0x00,0x00,0x00,0x00,0x00,0x00,0x00,0x00,0x00,
  0x00,0x00,0x00,0x00,0x00,0x00,0x00,0x00,0x00,0x00,0x00,0x00,0x00,0x00,0x00,0x00,
  0x00,0x00,0x00,0x00,0x00,0x00,0x00,0x00,0x00,0x00,0x00,0x00,0x00,0x00,0x00,0x00,
  0x00,0x00,0x00,0x00,0x00,0x00,0x00,0x00,0x00,0x00,0x00,0x00,0x00,0x00,0x00,0x00,
  0x00,0x00,0x00,0x00,0x00,0x00,0x00,0x00,0x00,0x00,0x00,0x00,0x00,0x00,0x00,0x00,
  0x00,0x00,0x00,0x00,0x00,0x00,0x00,0x00,0x00,0x00,0x00,0x00,0x00,0x00,0x00,0x00,
  0x00,0x00,0x00,0x00,0x00,0x00,0x08,0x00,0x00,0x00,0x00,0x00,0x00,0x00,0x00,0x00,
  0x00,0x00,0x00,0x00,0x3F,0xE0,0x08,0x00,0x00,0x00,0x00,0x00,0x00,0x00,0x00,0x00,
  0x00,0x00,0x00,0x01,0xC0,0x1C,0x1C,0x00,0x00,0x00,0x00,0x00,0x00,0x00,0x00,0x00,
  0x00,0x00,0x00,0x06,0x0F,0xE3,0x08,0x00,0x00,0x00,0x00,0x00,0x00,0x00,0x00,0x00,
  0x00,0x00,0x00,0x19,0xF0,0xFC,0x88,0x00,0x00,0x00,0x00,0x00,0x00,0x00,0x00,0x00,
  0x00,0x00,0x00,0x27,0xFF,0x3F,0x40,0x00,0x08,0x00,0x00,0x0C,0x6F,0xB3,0x30,0x00,
  0x00,0x01,0x00,0x5F,0xFF,0xCF,0xA0,0x00,0x00,0x00,0x00,0x0E,0x6C,0x33,0x30,0x00,
  0x00,0x01,0x00,0xBF,0xFF,0xF7,0xDC,0x00,0x08,0x00,0x00,0x0E,0x6C,0x33,0x30,0x00,
  0x00,0x03,0x81,0x7F,0xFF,0xFB,0x82,0x00,0x08,0x00,0x00,0x0D,0x6F,0x9B,0x60,0x00,
  0x00,0x01,0x02,0xFF,0xFF,0xFD,0x7D,0x00,0x1C,0x00,0x00,0x0D,0x6C,0x1B,0x60,0x00,
  0x00,0x01,0x02,0xFF,0xFF,0xFE,0xFE,0x80,0x2A,0x00,0x00,0x0C,0xEC,0x1F,0xE0,0x00,
  0x00,0x00,0x05,0xFF,0x03,0xFD,0xF6,0x81,0x77,0x40,0x00,0x0C,0xEC,0x0C,0xC0,0x00,
  0x00,0x00,0x05,0xFC,0xFC,0xFB,0xFB,0x40,0x2A,0x00,0x00,0x0C,0x6F,0x8C,0xC0,0x00,
  0x00,0x00,0x0B,0xFB,0x87,0x77,0xFB,0x40,0x1C,0x00,0x00,0x00,0x00,0x00,0x00,0x00,
  0x00,0x00,0x0B,0xF6,0x79,0xAF,0x7B,0xBC,0x08,0x00,0x00,0x00,0x00,0x00,0x00,0x00,
  0x00,0x80,0x0B,0xF5,0x06,0x9F,0xBF,0xA3,0x00,0x00,0x00,0x00,0x00,0x00,0x00,0x00,
  0x00,0x00,0x17,0xEC,0x32,0xDF,0xBF,0x9C,0x88,0x00,0x0C,0x3E,0xC6,0xFB,0x0D,0xB0,
  0x00,0x80,0x17,0xE8,0x39,0x5F,0xBE,0x7F,0x40,0x00,0x0C,0x30,0xC6,0xC3,0x0D,0xB0,
  0x00,0x80,0x17,0xE8,0x31,0x5F,0xFD,0xFF,0xA0,0x00,0x0C,0x30,0x6C,0xC3,0x0D,0xB0,
  0x00,0x80,0x17,0xE8,0x01,0x5F,0xF3,0xFF,0xA0,0x00,0x0C,0x3E,0x6C,0xFB,0x0D,0xB0,
  0x05,0xD0,0x17,0xE8,0x01,0x5F,0xCF,0xFC,0x20,0x00,0x0C,0x30,0x6C,0xC3,0x09,0x20,
  0x00,0x80,0x2F,0xEC,0x00,0xDF,0x3F,0xF0,0x20,0x00,0x0C,0x30,0x38,0xC3,0x09,0x20,
  0x00,0x80,0x2F,0xF4,0x00,0xBC,0xFF,0xE0,0x40,0x00,0x0C,0x30,0x38,0xC3,0x00,0x00,
  0x00,0x00,0x2F,0xF6,0x0F,0x03,0xFF,0xC0,0x80,0x00,0x0F,0xBE,0x10,0xFB,0xED,0xB0,
  0x00,0x80,0x2F,0xFB,0xBF,0xDF,0xFF,0x01,0x00,0x00,0x00,0x00,0x00,0x00,0x00,0x00,
  0x00,0x00,0x2F,0xFC,0x7F,0xFF,0xFE,0x02,0x00,0x00,0x00,0x00,0x00,0x00,0x00,0x00,
  0x00,0x00,0x2F,0xFF,0x7F,0xFF,0xF8,0x04,0x00,0x00,0x00,0x00,0x00,0x00,0x00,0x00,
  0x00,0x00,0x2F,0xFF,0x7F,0xFF,0xE0,0x08,0x00,0x00,0x00,0x00,0x00,0x00,0x00,0x00,
  0x00,0x00,0x2F,0xFF,0xFD,0xFF,0x8C,0x3F,0x80,0x00,0x00,0x00,0x00,0x00,0x00,0x00,
  0x00,0x10,0x2F,0xFF,0xFE,0x7C,0x3F,0x00,0x40,0x00,0x00,0x00,0x00,0x00,0x00,0x00,
  0x00,0x00,0x2F,0xFF,0xFF,0x80,0x7F,0xF0,0x20,0x00,0x00,0x0F,0xFF,0xFF,0xFE,0x00,
  0x00,0x00,0x2F,0xFF,0xFF,0xFF,0x80,0x0F,0xA0,0x00,0x00,0x30,0x00,0x00,0x01,0x00,
  0x00,0x00,0x2F,0xFF,0xFF,0xFF,0xFF,0xFF,0xA0,0x00,0x00,0x4F,0xFF,0xFF,0xFE,0x80,
  0x00,0x00,0x2F,0xFF,0xFF,0xFF,0xFF,0xFF,0x20,0x00,0x00,0x9F,0xFF,0xFF,0xFF,0x40,
  0x00,0x00,0x2F,0xFF,0xFF,0xFF,0xFF,0xFC,0xC0,0x00,0x00,0x9F,0xFF,0xFF,0xFF,0x40,
  0x00,0x00,0x2F,0xFF,0xFF,0xFF,0xFF,0xF3,0x01,0x00,0x00,0x9F,0xC6,0xEE,0xFF,0x40,
  0x00,0x00,0x2F,0xFF,0xFF,0xFF,0xFF,0x8C,0x01,0x00,0x00,0x9F,0xBA,0xDE,0x7F,0x40,
  0x00,0x00,0x2F,0xFF,0xFF,0xFF,0xFC,0x20,0x03,0x80,0x00,0x9F,0xBA,0xBE,0x3F,0x40,
  0x00,0x00,0x2F,0xFF,0xFF,0xFF,0xC0,0x20,0x01,0x00,0x00,0x9F,0xBA,0x7E,0x1F,0x40,
  0x00,0x00,0x5F,0xFF,0xFF,0xFF,0xE0,0x20,0x01,0x00,0x00,0x9F,0xBA,0xBE,0x3F,0x40,
  0x00,0x00,0x5F,0xFF,0xFF,0xFF,0xF8,0x50,0x00,0x00,0x00,0x9F,0xBA,0xDE,0x7F,0x40,
  0x00,0x00,0x5F,0xFF,0xFF,0xFF,0xFF,0xD0,0x00,0x00,0x00,0x9F,0xC6,0xEE,0xFF,0x40,
  0x00,0x00,0xBF,0xFF,0xFF,0xFF,0xFF,0xC8,0x00,0x00,0x00,0x9F,0xFF,0xFF,0xFF,0x40,
  0x00,0x00,0xBF,0xFF,0xFF,0xFF,0xFF,0xC8,0x00,0x00,0x00,0x9F,0xFF,0xFF,0xFF,0x40,
  0x00,0x01,0x7F,0xFF,0xFF,0xFF,0xFF,0xE4,0x00,0x00,0x00,0x8F,0xFF,0xFF,0xFE,0x80,
  0x00,0x01,0x7F,0xFF,0xFF,0xFF,0xFF,0xE4,0x00,0x00,0x00,0x40,0x00,0x00,0x01,0x00,
  0x00,0x02,0xFF,0xFF,0xFF,0xFF,0xFF,0xEA,0x00,0x00,0x00,0x20,0x00,0x00,0x02,0x00,
  0x00,0x02,0xFF,0xFD,0xFF,0xFF,0xFF,0xEA,0x00,0x00,0x00,0x1F,0xFF,0xFF,0xFC,0x00,
  0x00,0x05,0xFF,0xFD,0xFF,0xFF,0xFF,0xED,0x00,0x00,0x00,0x00,0x00,0x00,0x00,0x00,
  0x00,0x0B,0xFF,0xFB,0xFF,0xFF,0xFF,0xEE,0x80,0x00,0x00,0x00,0x00,0x00,0x00,0x00,
  0x00,0x17,0xFF,0xFB,0xFF,0xFF,0xFF,0xEF,0x40,0x00,0x00,0x00,0x00,0x00,0x00,0x00
};
#define FZI_Levelup1_F10_W 128
#define FZI_Levelup1_F10_H 64

static const uint8_t* const FZI_Levelup1_FRAMES[11] PROGMEM = {
  FZI_Levelup1_F0,
  FZI_Levelup1_F1,
  FZI_Levelup1_F2,
  FZI_Levelup1_F3,
  FZI_Levelup1_F4,
  FZI_Levelup1_F5,
  FZI_Levelup1_F6,
  FZI_Levelup1_F7,
  FZI_Levelup1_F8,
  FZI_Levelup1_F9,
  FZI_Levelup1_F10
};
#define FZI_Levelup1_W 128
#define FZI_Levelup1_H 64
#define FZI_Levelup1_FRAMES_COUNT 11

static const uint8_t FZI_Levelup2_F0[1024] PROGMEM = {
  0x00,0x00,0x00,0x00,0x00,0x00,0x00,0x00,0x00,0x00,0x00,0x00,0x00,0x00,0x00,0x00,
  0x00,0x00,0x00,0x00,0x00,0x00,0x00,0x00,0x00,0x00,0x00,0x00,0x00,0x00,0x00,0x00,
  0x00,0x00,0x00,0x00,0x00,0x00,0x00,0x00,0x00,0x00,0x00,0x00,0x00,0x00,0x00,0x00,
  0x00,0x00,0x00,0x00,0x00,0x00,0x00,0x00,0x00,0x00,0x00,0x00,0x00,0x00,0x00,0x00,
  0x00,0x00,0x00,0x00,0x00,0x00,0x00,0x00,0x00,0x00,0x00,0x00,0x00,0x00,0x00,0x00,
  0x00,0x00,0x00,0x00,0x00,0x00,0x00,0x00,0x00,0x00,0x00,0x00,0x00,0x00,0x00,0x00,
  0x00,0x00,0x00,0x00,0x00,0x00,0x00,0x00,0x00,0x00,0x00,0x00,0x00,0x00,0x00,0x00,
  0x00,0x00,0x00,0x00,0x00,0x00,0x00,0x00,0x00,0x00,0x00,0x00,0x00,0x00,0x00,0x00,
  0x00,0x00,0x00,0x00,0x00,0x00,0x00,0x00,0x00,0x00,0x00,0x00,0x00,0x00,0x00,0x00,
  0x00,0x00,0x00,0x00,0x00,0x00,0x00,0x00,0x00,0x00,0x00,0x00,0x00,0x00,0x00,0x00,
  0x00,0x00,0x00,0x00,0x00,0x00,0x00,0x00,0x00,0x00,0x00,0x00,0x00,0x00,0x00,0x00,
  0x00,0x00,0x00,0x00,0x00,0x00,0x00,0x00,0x00,0x00,0x00,0x00,0x00,0x00,0x00,0x00,
  0x00,0x00,0x00,0x00,0x00,0x00,0x00,0x00,0x00,0x00,0x00,0x00,0x00,0x00,0x00,0x00,
  0x00,0x00,0x00,0x00,0x00,0x00,0x00,0x00,0x00,0x00,0x00,0x00,0x00,0x00,0x00,0x00,
  0x00,0x00,0x00,0x00,0x00,0x3F,0xE0,0x00,0x00,0x00,0x00,0x00,0x00,0x00,0x00,0x00,
  0x00,0x00,0x00,0x00,0x01,0xC0,0x1C,0x00,0x00,0x00,0x00,0x00,0x00,0x00,0x00,0x00,
  0x00,0x00,0x00,0x00,0x06,0x3F,0x03,0x00,0x00,0x00,0x00,0x00,0x00,0x00,0x00,0x00,
  0x00,0x00,0x00,0x00,0x19,0xF0,0xFC,0xC0,0x00,0x00,0x00,0x00,0x00,0x00,0x00,0x00,
  0x00,0x00,0x00,0x00,0x27,0xEF,0xFF,0x20,0x00,0x00,0x00,0x00,0x00,0x00,0x00,0x00,
  0x00,0x00,0x00,0x00,0x5F,0xDF,0xFF,0xD0,0x00,0x00,0x00,0x00,0x00,0x00,0x00,0x00,
  0x00,0x00,0x00,0x00,0x8F,0xBF,0xFF,0xE8,0x00,0x00,0x00,0x00,0x00,0x00,0x00,0x00,
  0x00,0x00,0x00,0x01,0x73,0xBF,0xFF,0xF4,0x00,0x00,0x00,0x00,0x00,0x00,0x00,0x00,
  0x00,0x00,0x00,0x02,0xFD,0x7F,0xFF,0xFA,0x00,0x00,0x00,0x00,0x00,0x00,0x00,0x00,
  0x00,0x00,0x00,0x05,0xFE,0x7F,0xFF,0xFA,0x00,0x00,0x00,0x00,0x00,0x00,0x00,0x00,
  0x00,0x00,0x00,0x05,0xDF,0x7E,0x03,0xFD,0x00,0x00,0x00,0x00,0x00,0x00,0x00,0x00,
  0x00,0x00,0x00,0x0B,0xBF,0xBD,0xFD,0xFD,0x00,0x00,0x00,0x00,0x00,0x00,0x00,0x00,
  0x00,0x00,0x00,0x0B,0x7F,0xDB,0x06,0xFE,0x80,0x00,0x00,0x00,0x00,0x00,0x00,0x00,
  0x00,0x00,0x01,0xF7,0x7D,0xD6,0xFB,0x7E,0x80,0x00,0x00,0x00,0x00,0x00,0x00,0x00,
  0x00,0x00,0x06,0x07,0x7B,0xED,0xC1,0xBE,0x80,0x00,0x00,0x00,0x00,0x00,0x00,0x00,
  0x00,0x00,0x09,0xF3,0xF7,0xEB,0x98,0xBF,0x40,0x00,0x00,0x00,0x00,0x00,0x00,0x00,
  0x00,0x00,0x17,0xFD,0xF7,0xDB,0x38,0xBF,0x40,0x00,0x00,0x00,0x00,0x00,0x00,0x00,
  0x00,0x00,0x2F,0xFE,0x7F,0xD7,0x18,0xBF,0x40,0x00,0x00,0x00,0x00,0x00,0x00,0x00,
  0x00,0x00,0x2F,0xFF,0xBF,0xD6,0x00,0xBF,0x40,0x00,0x00,0x00,0x00,0x00,0x00,0x00,
  0x00,0x00,0x28,0xFF,0xCF,0xD6,0x00,0xBF,0x40,0x00,0x00,0x00,0x00,0x00,0x00,0x00,
  0x00,0x00,0x27,0x3F,0xF1,0xD6,0x00,0xBF,0x40,0x00,0x00,0x00,0x00,0x00,0x00,0x00,
  0x00,0x00,0x2F,0xCF,0xFE,0x5A,0x01,0xBF,0x40,0x00,0x00,0x00,0x00,0x00,0x00,0x00,
  0x00,0x00,0x2F,0xF7,0xFF,0x8D,0x03,0x7F,0x40,0x00,0x00,0x00,0x00,0x00,0x00,0x00,
  0x00,0x00,0x17,0xFB,0xFF,0xF4,0x06,0xFF,0x40,0x00,0x00,0x00,0x00,0x00,0x00,0x00,
  0x00,0x00,0x17,0xFD,0xFF,0xFB,0xED,0xFF,0x40,0x00,0x00,0x00,0x00,0x00,0x00,0x00,
  0x00,0x00,0x0B,0xFE,0x7F,0xFF,0xF3,0xFF,0x40,0x00,0x00,0x00,0x00,0x00,0x00,0x00,
  0x00,0x00,0x0B,0xFF,0x9F,0xFF,0xF7,0xFF,0x40,0x00,0x00,0x00,0x00,0x00,0x00,0x00,
  0x00,0x00,0x05,0xFF,0xE7,0xFF,0xFF,0xFF,0x40,0x00,0x00,0x00,0x00,0x00,0x00,0x00,
  0x00,0x00,0x02,0xFF,0xF8,0xFF,0xFF,0xFF,0x40,0x00,0x00,0x00,0x00,0x00,0x00,0x00,
  0x00,0x00,0x01,0x7F,0xFF,0x0F,0xFF,0xFF,0x40,0x00,0x00,0x00,0x00,0x00,0x00,0x00,
  0x00,0x00,0x00,0xBF,0xFF,0xFF,0xFF,0xFF,0x40,0x00,0x00,0x00,0x00,0x00,0x00,0x00,
  0x00,0x00,0x00,0x5F,0xFF,0xFF,0xFF,0xFF,0x40,0x00,0x00,0x00,0x00,0x00,0x00,0x00,
  0x00,0x00,0x00,0x4F,0xFF,0xFF,0xFF,0xFF,0x40,0x00,0x00,0x00,0x00,0x00,0x00,0x00,
  0x00,0x00,0x00,0x57,0xFF,0xFF,0xFF,0xFF,0x40,0x00,0x00,0x00,0x00,0x00,0x00,0x00,
  0x00,0x00,0x00,0x5F,0xFF,0xFF,0xFF,0xFF,0x40,0x00,0x00,0x00,0x00,0x00,0x00,0x00,
  0x00,0x00,0x00,0x5F,0xFF,0xFF,0xFF,0xFF,0x40,0x00,0x00,0x00,0x00,0x00,0x00,0x00,
  0x00,0x00,0x00,0xBF,0xFF,0xFF,0xFF,0xFF,0xA0,0x00,0x00,0x00,0x00,0x00,0x00,0x00,
  0x00,0x00,0x01,0x3F,0xFF,0xFF,0xFF,0xFF,0xA0,0x00,0x00,0x00,0x00,0x00,0x00,0x00,
  0x00,0x00,0x01,0x3F,0xFF,0xFF,0xFF,0xFF,0xD0,0x00,0x00,0x00,0x00,0x00,0x00,0x00,
  0x00,0x00,0x02,0xBF,0xFF,0xFF,0xFF,0xFF,0xD0,0x00,0x00,0x00,0x00,0x00,0x00,0x00,
  0x00,0x00,0x02,0xBF,0xFF,0xFF,0xFF,0xFF,0xE8,0x00,0x00,0x00,0x00,0x00,0x00,0x00,
  0x00,0x00,0x05,0xBF,0xFF,0xFF,0xFF,0xFF,0xF4,0x00,0x00,0x00,0x00,0x00,0x00,0x00,
  0x00,0x00,0x0B,0x7F,0xFF,0xFF,0xFF,0xFF,0xFA,0x00,0x00,0x00,0x00,0x00,0x00,0x00,
  0x00,0x00,0x17,0x7F,0xFF,0xFF,0xFF,0xFF,0xFD,0x00,0x00,0x00,0x00,0x00,0x00,0x00,
  0x00,0x00,0x6F,0x7F,0xFF,0xFF,0xFF,0xFF,0xFE,0xC0,0x00,0x00,0x00,0x00,0x00,0x00,
  0x0E,0x01,0x9F,0x7F,0xFF,0xFF,0xFF,0xFF,0xFF,0x30,0x00,0x00,0x00,0x00,0x00,0x00,
  0x11,0xFE,0x7F,0x7F,0xFF,0xFF,0xFF,0xFF,0x7F,0xCC,0x00,0x00,0x00,0x00,0x00,0x00,
  0x2E,0x01,0xFF,0x7F,0xFF,0xFF,0xFF,0xFF,0x7F,0xF3,0xFE,0x00,0x00,0x00,0x00,0x00,
  0x2F,0xFF,0xFF,0x7F,0xFF,0xFF,0xFF,0xFF,0x7F,0xFC,0x01,0x00,0x00,0x00,0x00,0x00,
  0x2F,0xFF,0xFF,0x7F,0xFF,0xFF,0xFF,0xFF,0x7F,0xFF,0xFE,0x80,0x00,0x00,0x00,0x00
};
#define FZI_Levelup2_F0_W 128
#define FZI_Levelup2_F0_H 64

static const uint8_t FZI_Levelup2_F1[1024] PROGMEM = {
  0x00,0x00,0x00,0x00,0x00,0x00,0x00,0x00,0x00,0x00,0x00,0x00,0x00,0x00,0x00,0x00,
  0x00,0x00,0x00,0x00,0x00,0x00,0x00,0x00,0x00,0x00,0x00,0x00,0x00,0x00,0x00,0x00,
  0x00,0x00,0x00,0x00,0x00,0x00,0x00,0x00,0x00,0x00,0x00,0x00,0x00,0x00,0x00,0x00,
  0x00,0x00,0x00,0x00,0x00,0x00,0x00,0x00,0x00,0x00,0x00,0x00,0x00,0x00,0x00,0x00,
  0x00,0x00,0x00,0x00,0x00,0x00,0x00,0x00,0x00,0x00,0x00,0x00,0x00,0x00,0x00,0x00,
  0x00,0x00,0x00,0x00,0x00,0x00,0x00,0x00,0x00,0x00,0x00,0x00,0x00,0x00,0x00,0x00,
  0x00,0x00,0x00,0x00,0x00,0x00,0x00,0x00,0x00,0x00,0x00,0x00,0x00,0x00,0x00,0x00,
  0x00,0x00,0x00,0x00,0x00,0x00,0x00,0x00,0x00,0x00,0x00,0x00,0x00,0x00,0x00,0x00,
  0x00,0x00,0x00,0x00,0x00,0x00,0x00,0x00,0x00,0x00,0x00,0x00,0x00,0x00,0x00,0x00,
  0x00,0x00,0x00,0x00,0x00,0x00,0x00,0x00,0x00,0x00,0x00,0x00,0x00,0x00,0x00,0x00,
  0x00,0x00,0x00,0x00,0x00,0x00,0x00,0x00,0x00,0x00,0x00,0x00,0x00,0x00,0x00,0x00,
  0x00,0x00,0x00,0x00,0x00,0x00,0x00,0x80,0x00,0x00,0x00,0x00,0x00,0x00,0x00,0x00,
  0x00,0x00,0x00,0x06,0x04,0x00,0x00,0x00,0x00,0x00,0x00,0x00,0x00,0x00,0x00,0x00,
  0x00,0x00,0x02,0x06,0x00,0x00,0x00,0x00,0x00,0x20,0x00,0x00,0x00,0x00,0x00,0x00,
  0x02,0x00,0x00,0x03,0x00,0x7F,0xC0,0x04,0x00,0x00,0x00,0x00,0x00,0x00,0x00,0x00,
  0x00,0x00,0x00,0x03,0x03,0x80,0x38,0x00,0x00,0x00,0x00,0x00,0x00,0x00,0x00,0x00,
  0x00,0x00,0x00,0x87,0x8C,0x7F,0x86,0x10,0x60,0x00,0x00,0x00,0x00,0x00,0x00,0x00,
  0x00,0x00,0x00,0x0F,0xF3,0xFE,0x79,0x80,0xE0,0x80,0x00,0x00,0x00,0x00,0x00,0x00,
  0x00,0x00,0x0E,0x0F,0xCF,0xFD,0xFE,0x4F,0x81,0x00,0x00,0x00,0x00,0x00,0x00,0x00,
  0x00,0x00,0x01,0x8E,0xAF,0xFB,0xFF,0xBF,0x01,0x00,0x00,0x80,0x00,0x00,0x00,0x00,
  0x00,0x20,0x40,0xDF,0x5F,0xF7,0xFF,0xDE,0x00,0x00,0x80,0x00,0x00,0x00,0x00,0x00,
  0x00,0x10,0x08,0xFE,0xDF,0xF7,0xFF,0xEB,0x00,0x20,0x00,0x00,0x00,0x00,0x00,0x00,
  0x00,0x00,0x07,0xFD,0xBF,0xEF,0xFF,0xF7,0x80,0x60,0x00,0x00,0x00,0x00,0x00,0x00,
  0x00,0x00,0x01,0xED,0x80,0xEF,0xFF,0xF7,0xC0,0x40,0x00,0x00,0x00,0x00,0x00,0x00,
  0x00,0x00,0x10,0xFB,0x3F,0x0F,0xFF,0xFB,0xC2,0x00,0x00,0x00,0x00,0x00,0x00,0x00,
  0x00,0x00,0x03,0xEA,0xFF,0xE7,0xE0,0x3A,0xE0,0x00,0x00,0x00,0x00,0x00,0x00,0x00,
  0x00,0x00,0x03,0xF5,0xF7,0xFB,0xDF,0xDD,0xE0,0x00,0x18,0x00,0x00,0x00,0x00,0x00,
  0x00,0x80,0x01,0xB2,0xF7,0xFD,0xA0,0xED,0xE0,0x00,0x38,0x00,0x00,0x00,0x00,0x00,
  0x00,0x41,0x00,0xF2,0xEF,0xBE,0x5F,0x75,0xE2,0x0F,0xC0,0x08,0x00,0x00,0x00,0x00,
  0x00,0x00,0xC0,0xE9,0xEF,0xBF,0x38,0xB6,0xC0,0x10,0x00,0x00,0x00,0x00,0x00,0x00,
  0x00,0x00,0x01,0xE1,0xEF,0x7E,0xB8,0x3A,0xC0,0x38,0x00,0x00,0x00,0x00,0x00,0x00,
  0x00,0x01,0xE3,0xE0,0x1F,0x7E,0x58,0x5A,0xE0,0x38,0x00,0x00,0x00,0x00,0x00,0x00,
  0x00,0x1B,0xFF,0xE3,0xCF,0xFE,0x40,0x5A,0xFC,0xF0,0x00,0x00,0x00,0x00,0x00,0x00,
  0x00,0x1E,0x7A,0xC7,0xF3,0xFE,0x40,0x5B,0x6F,0xC0,0x00,0x04,0x00,0x00,0x00,0x00,
  0x00,0x00,0x3F,0xCF,0xFD,0xFE,0x40,0x5B,0x7F,0x80,0x02,0x02,0x00,0x00,0x00,0x00,
  0x00,0x00,0x3A,0xDF,0xFE,0x7E,0x40,0x37,0x6F,0x0E,0x10,0x02,0x00,0x00,0x00,0x00,
  0x00,0x00,0x0F,0xD8,0xFF,0x96,0x20,0xB7,0x7E,0x18,0x30,0x04,0x10,0x00,0x00,0x00,
  0x21,0x81,0x06,0xD7,0x3F,0xF8,0x01,0x6F,0x6C,0x00,0x20,0x08,0x40,0x00,0x00,0x00,
  0x03,0xC0,0x83,0xCF,0xCF,0xFF,0xF0,0xEF,0x7E,0x00,0x00,0x00,0x00,0x00,0x00,0x00,
  0x03,0x00,0x06,0x8F,0xF7,0xFF,0xFE,0x9F,0x6B,0xF8,0x00,0x00,0x00,0x00,0x00,0x00,
  0x02,0x00,0xFF,0xAF,0xFB,0xFF,0xFF,0x7F,0x7F,0xF8,0x00,0x00,0x00,0x00,0x00,0x00,
  0x01,0x07,0xFA,0xAF,0xFD,0xFF,0xFF,0xFF,0x6A,0xF0,0x00,0x30,0x00,0x00,0x00,0x00,
  0x00,0x86,0x7F,0xB7,0xFE,0x7F,0xFF,0xFF,0x7F,0xC0,0x00,0x18,0x00,0x00,0x00,0x00,
  0x00,0x00,0x3A,0xB7,0xFF,0x9F,0xFF,0xFF,0x6A,0x80,0x00,0x0C,0x00,0x00,0x00,0x00,
  0x00,0x00,0x0F,0xBB,0xFF,0xE1,0xFF,0xFF,0x7F,0x80,0x00,0x0C,0x00,0x00,0x00,0x00,
  0x00,0x10,0x02,0xBD,0xFF,0xFF,0xFF,0xFF,0x6A,0xC0,0x00,0x08,0x20,0x00,0x00,0x00,
  0x00,0x0C,0x2F,0xBE,0xFF,0xFF,0xFF,0xFF,0x7F,0x00,0x18,0x08,0x40,0x00,0x00,0x00,
  0x00,0x06,0x3A,0xBF,0x7F,0xFF,0xFF,0xFF,0x6A,0x10,0x38,0x10,0x00,0x00,0x00,0x00,
  0x20,0x00,0x3F,0xBF,0xBF,0xFF,0xFF,0xFF,0x7C,0x00,0x70,0x20,0x00,0x00,0x00,0x00,
  0x20,0x00,0x1A,0xBF,0xFF,0xFF,0xFF,0xFF,0x6C,0x03,0xE0,0x00,0x00,0x00,0x00,0x00,
  0x00,0x30,0x0F,0x3F,0xFF,0xFF,0xFF,0xFF,0xBD,0x0F,0x80,0x00,0x00,0x00,0x00,0x00,
  0x0C,0x3C,0x0B,0x3F,0xFF,0xFF,0xFF,0xFF,0xAF,0x9F,0x00,0x00,0x00,0x00,0x00,0x00,
  0x13,0x1F,0x1E,0xBF,0xFF,0xFF,0xFF,0xFF,0xDF,0xBF,0x80,0x00,0x08,0x00,0x00,0x00,
  0x2D,0x8F,0xFA,0xBF,0xFF,0xFF,0xFF,0xFF,0xDA,0xFB,0x86,0x02,0x10,0x00,0x00,0x00,
  0x2E,0xC7,0xFD,0xBF,0xFF,0xFF,0xFF,0xFF,0xEF,0xFF,0x19,0x06,0x00,0x00,0x00,0x00,
  0x2F,0x3E,0xBB,0xBF,0xFF,0xFF,0xFF,0xFF,0xF3,0xAB,0x66,0x8C,0x00,0x00,0x00,0x00,
  0x2F,0xC7,0xE7,0xBF,0xFF,0xFF,0xFF,0xFF,0xFC,0xFF,0x9E,0x80,0x00,0x00,0x00,0x00,
  0x17,0xF8,0x1F,0xBF,0xFF,0xFF,0xFF,0xFF,0xFF,0x00,0x7E,0x80,0x00,0x00,0x00,0x00,
  0x17,0xFF,0xFF,0xBF,0xFF,0xFF,0xFF,0xFF,0xFF,0xFF,0xFE,0x80,0x00,0x10,0x00,0x00,
  0x0B,0xFF,0xFF,0xBF,0xFF,0xFF,0xFF,0xFF,0x7F,0xFF,0xFD,0x0F,0x80,0x00,0x00,0x00,
  0x0B,0xFF,0xFF,0xBF,0xFF,0xFF,0xFF,0xFF,0x7F,0xFF,0xFD,0x99,0x80,0x00,0x00,0x00,
  0x7D,0xFF,0xFF,0xBF,0xFF,0xFF,0xFF,0xFF,0x7F,0xFF,0xFB,0xFC,0x10,0x00,0x00,0x00,
  0x7E,0xFF,0xFF,0xBF,0xFF,0xFF,0xFF,0xFF,0x7F,0xFF,0xFB,0xF8,0x60,0x80,0x00,0x00,
  0x3F,0x7F,0xFF,0xBF,0xFF,0xFF,0xFF,0xFF,0x7F,0xFF,0xF6,0xBD,0xC0,0x00,0x00,0x00
};
#define FZI_Levelup2_F1_W 128
#define FZI_Levelup2_F1_H 64

static const uint8_t FZI_Levelup2_F2[1024] PROGMEM = {
  0x00,0x00,0x00,0x00,0x00,0x00,0x00,0x00,0x00,0x00,0x00,0x00,0x00,0x00,0x00,0x00,
  0x00,0x00,0x00,0x00,0x00,0x00,0x00,0x00,0x00,0x00,0x00,0x00,0x00,0x00,0x00,0x00,
  0x00,0x00,0x00,0x00,0x00,0x00,0x00,0x00,0x00,0x00,0x00,0x00,0x00,0x00,0x00,0x00,
  0x00,0x00,0x00,0x00,0x00,0x00,0x00,0x00,0x00,0x60,0x00,0x00,0x00,0x00,0x00,0x00,
  0x00,0x00,0x00,0x00,0x00,0x00,0x00,0x00,0x00,0xD0,0x00,0x00,0x00,0x00,0x00,0x00,
  0x00,0x00,0x0C,0x00,0x00,0x00,0x00,0x00,0x01,0x90,0x00,0x00,0x00,0x00,0x00,0x00,
  0x00,0x00,0x32,0x00,0x00,0x00,0x00,0x00,0x02,0x08,0x00,0x00,0x00,0x00,0x00,0x00,
  0x00,0x00,0x23,0x80,0x00,0x00,0x00,0x00,0x07,0xE1,0x80,0x70,0x00,0x00,0x00,0x00,
  0x00,0x00,0x37,0xC0,0x00,0x00,0x00,0x00,0x0F,0xF6,0x00,0xD0,0x00,0x00,0x00,0x00,
  0x00,0x00,0x17,0xC0,0x00,0x00,0x00,0x00,0x0F,0xCC,0x80,0xD0,0x00,0x00,0x00,0x00,
  0x00,0x00,0x0F,0xC0,0x00,0x00,0x00,0x00,0x1F,0x08,0x80,0xE0,0x00,0x00,0x00,0x00,
  0x00,0x00,0x01,0xC0,0x00,0x00,0x01,0x80,0x3F,0x30,0x00,0xE0,0x00,0x00,0x00,0x00,
  0x00,0x38,0x01,0xE0,0x24,0x07,0xF1,0xC0,0x3F,0xE0,0x00,0xE0,0x00,0x00,0x00,0x00,
  0x00,0x3C,0x03,0xF0,0x20,0x0F,0xFC,0x00,0xFF,0xC6,0x01,0xE0,0x30,0x00,0x00,0x00,
  0x00,0x3C,0x07,0xF6,0x01,0x3F,0xFC,0x0F,0xFF,0xC0,0x01,0xC3,0x00,0x00,0x00,0x00,
  0x00,0x1C,0x17,0xFF,0x21,0xFF,0xFF,0xFF,0xAF,0x80,0x03,0x87,0x00,0x00,0x00,0x00,
  0x00,0x0E,0x03,0xFF,0x37,0x80,0x3F,0xFF,0xFF,0x20,0x03,0x80,0x00,0x00,0x00,0x00,
  0xE0,0x03,0x01,0xDF,0xFC,0x5F,0x46,0xAA,0xBF,0x80,0x03,0x00,0x00,0x00,0x00,0x00,
  0xE0,0x13,0xE0,0x8F,0xF3,0xEE,0xF9,0xFF,0xFF,0x01,0x87,0x00,0x08,0x00,0x00,0x00,
  0x80,0x33,0xE9,0x8E,0xCF,0xEE,0xFE,0x6A,0xBE,0x21,0x86,0x00,0x00,0x00,0x00,0x00,
  0x03,0x33,0xFC,0xDF,0xBF,0xDF,0x7F,0xBF,0xFE,0x01,0xCE,0x01,0x00,0x00,0x00,0x00,
  0x00,0x17,0xFC,0xDF,0x7F,0xDF,0x7F,0xDA,0xFC,0x08,0xFE,0x00,0x00,0x01,0x00,0x00,
  0x00,0x0F,0xFE,0xFE,0xFF,0xDF,0x7F,0xEF,0xFE,0xC3,0xFE,0x00,0x00,0x00,0x00,0x00,
  0x00,0x81,0xFE,0xFD,0xFF,0xDF,0x7F,0xF6,0xAF,0xEF,0xFE,0x00,0x00,0x00,0x00,0x00,
  0xC0,0x00,0xFF,0xFD,0xFF,0xBF,0xBF,0xF7,0xFF,0xFF,0xFC,0x02,0x00,0x00,0x00,0x00,
  0xC6,0x08,0x7F,0xFB,0xFF,0xBF,0xBF,0xFA,0xBF,0xFF,0xFB,0x80,0x00,0x00,0x00,0x00,
  0x67,0x00,0x7F,0xFB,0xFF,0xBF,0xBF,0xFB,0xFF,0xFF,0xFB,0x80,0x00,0x1C,0x00,0x00,
  0xA7,0x8C,0x7F,0xF7,0xFF,0xBF,0xBF,0xFD,0xEA,0xAF,0xFF,0x00,0x00,0x2E,0x00,0x00,
  0xBF,0xFE,0x7F,0xF7,0xFF,0xBF,0xBF,0xFD,0xFF,0xFF,0x8E,0x00,0x38,0x40,0x00,0x00,
  0x1F,0xFF,0xFE,0xAF,0xFF,0x7F,0xDF,0xFE,0xAA,0xAF,0x00,0x0E,0x18,0x00,0x00,0x00,
  0x4F,0xBF,0xFF,0xEE,0x1F,0x7F,0xDF,0x0E,0xFF,0xFE,0x00,0x18,0x00,0x00,0x00,0x00,
  0x00,0x7F,0xFE,0xAD,0xEF,0x00,0x1E,0xF6,0xBA,0xAF,0xE0,0x18,0x00,0x00,0x00,0x00,
  0x00,0x1F,0xFF,0xDB,0xF6,0x7F,0xCD,0xFB,0x7F,0xFE,0x60,0x20,0x00,0x00,0x00,0x00,
  0x00,0x1F,0xAE,0xDB,0xF5,0xFF,0xF5,0xFB,0x6A,0xF8,0x00,0x00,0x80,0x00,0x00,0x00,
  0x01,0x0F,0xFF,0xD5,0xF3,0xFB,0xF9,0xF5,0x7F,0xF0,0x08,0x40,0x80,0x00,0x00,0x0F,
  0x00,0x87,0xEB,0xD4,0xF3,0xBB,0xB9,0xE5,0x6A,0xF0,0x1C,0x01,0x84,0x0E,0x00,0x1F,
  0x68,0x0F,0xFF,0xD4,0xF7,0xBB,0xBD,0xE5,0x7F,0xF0,0x1C,0x03,0x80,0x1E,0x00,0x10,
  0x04,0x1F,0xFA,0xD4,0xF7,0xBB,0xBD,0xE5,0x6A,0xF8,0x18,0x01,0x00,0x38,0x00,0x00,
  0x00,0x0F,0xFF,0xD4,0x77,0xFF,0xFD,0xC5,0x7F,0xFC,0x38,0x00,0x00,0x40,0x00,0x00,
  0x00,0x01,0xFA,0xD4,0x07,0xFF,0xFC,0x05,0x6A,0xFE,0x38,0x02,0x00,0x00,0x00,0x00,
  0x00,0x00,0xFF,0xDA,0x06,0x00,0x0C,0x0B,0x7F,0xFF,0xF0,0x00,0x00,0x06,0x00,0x00,
  0x30,0x40,0x7E,0xDB,0x0D,0xFF,0xF4,0x1B,0x6A,0xBF,0xC0,0x10,0x00,0x06,0x00,0xC0,
  0xF8,0x08,0x7F,0xDD,0xF3,0xFF,0xF9,0xF7,0x7F,0xFF,0x80,0x10,0x00,0x00,0x30,0x00,
  0x80,0x00,0xFF,0xDE,0x07,0xFF,0xFC,0x0F,0x6A,0xAF,0x00,0x00,0x06,0x18,0x70,0x00,
  0x1C,0xC3,0xFF,0xDF,0xF7,0xFF,0xFD,0xFF,0x7F,0xFF,0x00,0x0C,0x04,0x18,0x60,0x00,
  0xBF,0xE7,0xFA,0xDF,0xFB,0xFF,0xFB,0xFF,0x6A,0xBE,0x06,0x1C,0x18,0x30,0xC0,0x00,
  0x7B,0xFF,0xFF,0xDF,0xFB,0xFF,0xFB,0xFF,0x7F,0xFE,0x0F,0x7C,0x18,0xE1,0x80,0x00,
  0x01,0xFF,0xFA,0xDF,0xFB,0xFF,0xFB,0xFF,0x7E,0xAF,0x1F,0xF8,0x11,0xC7,0x00,0x00,
  0x00,0xFF,0xFF,0x9F,0xFD,0xFF,0xF7,0xFF,0x3F,0xFF,0xFF,0xF8,0x37,0xFE,0x00,0x00,
  0x0C,0xFE,0xAA,0x9F,0xFD,0xFF,0xF7,0xFF,0x3E,0xAF,0xAF,0xF0,0x7F,0xF8,0x00,0x00,
  0x12,0xFF,0xFF,0x5F,0xFC,0xFF,0xE7,0xFF,0x5F,0xFF,0xF9,0xF8,0xFF,0xF0,0x02,0x00,
  0xAD,0xEA,0xAE,0xDF,0xFE,0x60,0xCF,0xFF,0x6E,0xAA,0xB6,0xFF,0xFF,0xE0,0x00,0x00,
  0xAE,0x7F,0xF9,0xDF,0xFE,0x1F,0x0F,0xFF,0x73,0xFF,0xCE,0xFF,0xFF,0xE2,0x20,0x00,
  0xEF,0x8F,0xE7,0xDF,0xFF,0x7F,0xDF,0xFF,0x7C,0xFE,0x3E,0xBF,0xAB,0xEC,0x00,0x01,
  0xEF,0xF0,0x1F,0xDF,0xFF,0x9F,0x3F,0xFF,0x7F,0x01,0xFE,0xFF,0xFF,0xF8,0x00,0x00,
  0xF7,0xFF,0xFF,0xDF,0xFF,0xE0,0xFF,0xFF,0xFF,0xFF,0xFD,0xBA,0xAF,0xF0,0x00,0x00,
  0xF7,0xFF,0xFF,0xDF,0xFF,0xFF,0xFF,0xFF,0xFF,0xFF,0xFD,0xFF,0xFF,0xF0,0x00,0x00,
  0x7B,0xFF,0xFF,0xDF,0xFF,0xFF,0xFF,0xFF,0xFF,0xFF,0xFA,0xAA,0xAF,0xC0,0x00,0x00,
  0xFB,0xFF,0xFF,0xDF,0xFF,0xFF,0xFF,0xFF,0xFF,0xFF,0xFB,0xFF,0xFF,0x80,0x80,0x00,
  0xFD,0xFF,0xFF,0xFF,0xFF,0xFF,0xFF,0xFF,0xFF,0xFF,0xF6,0xAA,0xAB,0x80,0x00,0x80,
  0xD6,0xFF,0xFF,0xFF,0xFF,0xFF,0xFF,0xFF,0xFF,0xFF,0xEF,0xFF,0xFF,0x80,0x00,0xE0,
  0x2F,0x7F,0xFF,0xFF,0xFF,0xFF,0xFF,0xFF,0x7F,0xFF,0xDA,0xAA,0xAF,0x90,0x00,0x60,
  0x2F,0x9F,0xFF,0xDF,0xFF,0xFF,0xFF,0xFF,0x7F,0xFF,0x3F,0xFF,0xFF,0xE0,0x00,0x00,
  0x3F,0xE0,0xFF,0xDF,0xFF,0xFF,0xFF,0xFF,0x7F,0xE0,0xEA,0xAA,0xAE,0xE0,0x00,0x00
};
#define FZI_Levelup2_F2_W 128
#define FZI_Levelup2_F2_H 64

static const uint8_t FZI_Levelup2_F3[1024] PROGMEM = {
  0x07,0xBF,0xFC,0x00,0x01,0xE1,0x03,0xE0,0x00,0x01,0x00,0x00,0x3F,0x80,0x00,0x00,
  0x01,0x93,0xFC,0x07,0x08,0xF0,0x07,0xC0,0x00,0x03,0x00,0x00,0xC0,0x80,0x00,0x00,
  0x00,0x07,0xFE,0x41,0x00,0xF0,0x0F,0xC0,0x06,0x02,0x00,0x03,0x00,0x80,0x00,0x00,
  0x00,0x17,0xF7,0xD0,0x02,0xF0,0x0F,0xC0,0x0F,0x06,0x00,0x06,0x00,0x40,0x00,0x00,
  0x00,0x0F,0xFB,0xF0,0x03,0xE0,0x1F,0x80,0x1F,0x24,0x00,0x0C,0x00,0x80,0x00,0x00,
  0x00,0x07,0xF9,0xF8,0x07,0xE0,0x1F,0x80,0x3F,0x3C,0x00,0x18,0x00,0x80,0x00,0x00,
  0x00,0x03,0xFF,0xFE,0x0F,0xE0,0x3F,0x80,0x7F,0xF8,0x00,0x20,0x00,0x80,0x00,0x00,
  0x00,0x03,0xFF,0xF8,0x1F,0xE0,0x7F,0x81,0xFA,0xEA,0x00,0x60,0x00,0x80,0x00,0x00,
  0x00,0x01,0xFF,0xFE,0x9F,0xEA,0x7F,0xC7,0xFF,0xF2,0x00,0xFE,0x00,0x80,0x00,0x00,
  0x00,0x00,0xFF,0xFA,0x0F,0xA0,0xFB,0xFE,0xFF,0xB0,0x81,0xFF,0x01,0x00,0x00,0x00,
  0x00,0x01,0xF1,0xFF,0xFF,0xFF,0xFF,0xFF,0xFF,0xE8,0x07,0xFF,0x81,0x00,0x00,0x00,
  0x00,0x1D,0xF0,0xFF,0xFE,0xAA,0xAF,0xFF,0xFB,0xE0,0x07,0xFF,0xC1,0x00,0x20,0x01,
  0x12,0x1F,0xF0,0xFF,0xFF,0xFF,0xFF,0xFF,0xFF,0xC0,0x3F,0xFF,0xC1,0x00,0x40,0x02,
  0x01,0x8B,0xF0,0xEA,0xAA,0xAA,0xAB,0xFE,0xAF,0xE0,0x7F,0xFF,0x81,0x00,0x00,0x00,
  0x00,0xC3,0xFC,0xFF,0xFF,0xFF,0xFF,0xFF,0xFF,0xC4,0xFF,0xFF,0x02,0x03,0x01,0xE0,
  0x00,0x01,0xFF,0xFA,0xAA,0xFF,0xEA,0xBA,0xAE,0x03,0xFA,0xFE,0x06,0x06,0x00,0xE3,
  0x18,0x01,0xBF,0xFF,0xFF,0x80,0x3F,0xFF,0xFC,0x07,0xFF,0xFC,0x78,0x00,0x04,0x03,
  0x1C,0x03,0xAB,0xFE,0xAC,0x0A,0x06,0xAA,0xAE,0x1F,0xEA,0xFC,0x80,0x00,0x00,0x03,
  0x0E,0x07,0xFF,0xFF,0xF1,0x44,0x51,0xFF,0xFE,0x3F,0xFF,0xF9,0x80,0x00,0x00,0x0C,
  0x03,0x03,0xAA,0xBF,0xCA,0xAA,0xAA,0x6A,0xAE,0xFA,0xAA,0xE9,0x00,0x01,0x06,0x18,
  0x01,0x83,0xFF,0xFF,0x95,0x55,0x55,0x3F,0xFF,0xFF,0xFF,0xD1,0x00,0x02,0x06,0x10,
  0x03,0x83,0xAA,0xAF,0x2A,0x8A,0x2A,0x9A,0xAF,0xBA,0xAA,0xE2,0x02,0x04,0x08,0x10,
  0x03,0xCF,0xFF,0xFE,0x55,0x55,0x55,0x4F,0xFF,0xFF,0xFF,0xE6,0x40,0x00,0x18,0x18,
  0x07,0xFF,0xEA,0xAC,0xAA,0x8A,0x2A,0xA6,0xAF,0xAA,0xAA,0xD8,0x00,0x60,0x18,0x70,
  0x1F,0xFF,0xFF,0xFD,0x55,0x15,0x15,0x57,0xFF,0xFF,0xFF,0xF0,0x30,0x60,0x1B,0xE0,
  0x1F,0xAB,0xEA,0xAA,0xAA,0xAA,0xAA,0xAA,0xAE,0xAA,0xAB,0xF0,0x70,0xE2,0x3F,0xC0,
  0x0F,0xFF,0xFF,0xF9,0x55,0x15,0x15,0x53,0xFF,0xFF,0xFF,0xF8,0x63,0x88,0x3F,0xE8,
  0x0F,0xAA,0xAA,0xB2,0xAA,0xAA,0xAA,0xA9,0xBA,0xAA,0xBF,0xE0,0xE6,0x00,0x7F,0xC0,
  0x9F,0xFF,0xFF,0xF5,0x55,0x15,0x15,0x55,0xFF,0xFF,0xFF,0xE0,0xBC,0x00,0xFF,0x00,
  0xFF,0xEA,0xAA,0xAA,0xAA,0x2A,0x8A,0xAA,0xAA,0xAA,0xAF,0xE1,0xF4,0x03,0xFE,0x00,
  0xFF,0xFF,0xFF,0xE4,0x15,0x55,0x55,0x04,0xFF,0xFF,0xFF,0xC3,0xBC,0x0F,0xFE,0x00,
  0xFF,0xEA,0xAA,0xA8,0xAA,0x00,0x0A,0xA2,0xAA,0xAA,0xAB,0xC3,0xE8,0x3F,0xFF,0x3C,
  0xFF,0xFF,0xFF,0xD1,0x54,0x55,0x45,0x51,0x7F,0xFF,0xFF,0xC3,0xF8,0xFF,0xFF,0x1C,
  0x7F,0xFA,0xBF,0xCA,0xA0,0xAA,0xA0,0xAA,0x6A,0xAA,0xAF,0xE3,0xFD,0xFF,0xEB,0x38,
  0x1F,0xFF,0xFF,0xD5,0x51,0x51,0x51,0x55,0x7F,0xFF,0xFF,0xFF,0xFF,0xFF,0xFF,0xA0,
  0xFF,0x3A,0xAF,0xC0,0xA2,0xAA,0xA8,0xA0,0x6A,0xAA,0xAF,0xFF,0xFF,0xFF,0xAF,0xE0,
  0x18,0x7F,0xFF,0xD4,0x55,0x11,0x15,0x45,0x7F,0xFF,0xFF,0xFF,0xFF,0xFF,0xFF,0xE0,
  0x00,0x3E,0xAB,0xC0,0xA2,0xAA,0xA8,0xA0,0x6A,0xAB,0xAB,0xFF,0xEF,0xFE,0xBF,0xE0,
  0x00,0x3F,0xFF,0xD4,0x55,0x55,0x55,0x45,0x7F,0xFF,0xFF,0xFF,0xFF,0xFF,0xFF,0xE0,
  0x04,0xFF,0xAA,0xC0,0x02,0xAA,0xA8,0x00,0x6A,0xBE,0xAB,0xFF,0xFB,0xEA,0xBF,0x80,
  0x01,0xFF,0xFF,0xD0,0x04,0x00,0x04,0x01,0x7F,0xFF,0xFF,0xFF,0xFF,0xFF,0xFF,0x82,
  0x01,0xEA,0xAB,0xCA,0x08,0xAA,0xA0,0x0A,0x6A,0xFE,0xAB,0xFF,0xAA,0xAA,0xBF,0xC0,
  0x21,0xFF,0xFF,0xD5,0x51,0x55,0x51,0x55,0x7F,0xFF,0xFF,0xFF,0xFF,0xFF,0xFF,0xE0,
  0x00,0xEA,0xAF,0xCA,0x02,0xAA,0xA8,0x0A,0x7F,0xFE,0xAA,0xFE,0xAA,0xAA,0xBF,0xC0,
  0x00,0x7F,0xFF,0xD5,0x55,0x55,0x55,0x55,0x7F,0xFF,0xFF,0xFF,0xFF,0xFF,0xFF,0x81,
  0x0F,0xEA,0xAF,0xCA,0xAA,0xAA,0xAA,0xAA,0x7E,0xFE,0xAA,0xAA,0xAA,0xAA,0xBF,0x83,
  0x07,0xFF,0xFF,0xD5,0x51,0x55,0x51,0x55,0x7F,0xFF,0xFF,0xFF,0xFF,0xFF,0xFF,0xC3,
  0x83,0xFE,0xAB,0xCA,0xAA,0xAA,0xAA,0xAA,0x6A,0xAE,0xAA,0xAA,0xAA,0xAA,0xFF,0xE3,
  0x07,0xFF,0xFF,0x95,0x55,0x55,0x55,0x55,0x3F,0xFF,0xFF,0xFF,0xFF,0xFF,0xFF,0xFF,
  0xFF,0xAB,0xAB,0x8A,0xA8,0xAA,0xA2,0xAA,0x2A,0xBA,0xAE,0xAA,0xAA,0xAB,0xFF,0xF8,
  0xF3,0xFF,0xFF,0x55,0x54,0x55,0x45,0x55,0x5F,0xFF,0xF9,0xFF,0xFF,0xFF,0xFF,0xD0,
  0xE9,0xAA,0xAE,0x8A,0xAA,0x20,0x8A,0xAA,0x2E,0xBA,0xB2,0xAA,0xAA,0xAF,0xFF,0xC0,
  0xE4,0x7F,0xF9,0x55,0x54,0x15,0x05,0x55,0x53,0xFF,0xC4,0xFF,0xFF,0xFF,0xFF,0xE0,
  0xEA,0x8F,0xE2,0x8A,0xAA,0x2A,0x8A,0xAA,0x28,0xFE,0x2A,0xAA,0xAA,0xFA,0xAF,0x80,
  0x65,0x50,0x15,0x55,0x55,0x15,0x15,0x55,0x55,0x01,0x54,0xFF,0xFF,0xFF,0xFF,0x00,
  0x12,0xAA,0xAA,0x8A,0xAA,0xA0,0xAA,0xAA,0xAA,0xAA,0xA9,0xAF,0xAF,0xAA,0xAF,0x43,
  0x35,0x55,0x55,0x55,0x55,0x55,0x55,0x55,0x55,0x55,0x55,0xFF,0xFF,0xFF,0xFF,0xFC,
  0x0A,0xAA,0xAA,0x8A,0xAA,0xAA,0xAA,0xAA,0xAA,0xAA,0xAB,0xEB,0xEB,0xAA,0xBF,0x38,
  0x29,0x55,0x55,0x55,0x55,0x55,0x55,0x55,0x55,0x55,0x53,0xFF,0xFF,0xFF,0xFE,0x78,
  0x04,0xAA,0xAA,0xAA,0xAA,0xAA,0xAA,0xAA,0xAA,0xAA,0xA6,0xAA,0xAB,0xAA,0xBC,0x70,
  0x06,0x55,0x55,0x55,0x55,0x55,0x55,0x55,0x55,0x55,0x4F,0xFF,0xFF,0xFF,0xFC,0xF0,
  0x7F,0x2A,0xAA,0xAA,0xAA,0xAA,0xAA,0xAA,0x2A,0xAA,0x9A,0xAA,0xAE,0xAA,0xBF,0xE0,
  0xFF,0x95,0x55,0x55,0x55,0x55,0x55,0x55,0x55,0x55,0x3F,0xFF,0xFF,0xFF,0xFF,0xC0,
  0xFF,0xE0,0xAA,0x8A,0xAA,0xAA,0xAA,0xAA,0x2A,0xA0,0xEA,0xAA,0xBA,0xAA,0xBF,0xC0
};
#define FZI_Levelup2_F3_W 128
#define FZI_Levelup2_F3_H 64

static const uint8_t FZI_Levelup2_F4[1024] PROGMEM = {
  0x00,0x00,0x00,0x00,0x00,0x00,0x00,0x00,0x00,0x00,0x00,0x00,0x00,0x00,0x00,0x00,
  0x00,0x00,0x00,0x00,0x00,0x00,0x00,0x00,0x00,0x00,0x00,0x00,0x00,0x00,0x00,0x00,
  0x00,0x07,0xC0,0x00,0x00,0x00,0x00,0x00,0x00,0x00,0x00,0x00,0x00,0x00,0x00,0x00,
  0x00,0x08,0x40,0x00,0x00,0x00,0x00,0x00,0x00,0x00,0x00,0x00,0x00,0x00,0x00,0x00,
  0x00,0x00,0x00,0x00,0x00,0x00,0x00,0x00,0x00,0x00,0x00,0x00,0x00,0x00,0x00,0x00,
  0x00,0x00,0x00,0x00,0x00,0x00,0x00,0x00,0x00,0x00,0x00,0x00,0x00,0x00,0x00,0x00,
  0x00,0x00,0x00,0x00,0x00,0x00,0x00,0x00,0x00,0x00,0x00,0x00,0x00,0x00,0x00,0x00,
  0x00,0x00,0x00,0x00,0x00,0x00,0x00,0x00,0x00,0x01,0x10,0x00,0x00,0x00,0x00,0x00,
  0x00,0x00,0x00,0x00,0x00,0x00,0x00,0x00,0x00,0x01,0xE8,0x00,0x80,0x00,0x00,0x00,
  0x02,0x00,0x00,0x00,0x00,0x00,0x00,0x00,0x00,0x7F,0xD8,0x1B,0xF0,0x00,0x00,0x00,
  0x07,0xE0,0x00,0x23,0xC0,0x00,0x01,0xE0,0x09,0xFF,0xF0,0x05,0x3E,0x00,0x00,0x00,
  0x07,0xF8,0x00,0x3F,0xF0,0x00,0x07,0xF0,0x03,0xFF,0xF1,0x81,0xF9,0xC0,0x00,0x00,
  0x07,0xF8,0x71,0xDF,0xFC,0x40,0x1F,0xE0,0x63,0xFF,0x08,0x07,0xFB,0xE0,0x00,0x00,
  0x03,0xFE,0xFF,0xF0,0xFE,0x04,0x7F,0x01,0xEF,0xF8,0x01,0x8F,0xFF,0x00,0x00,0x00,
  0x1F,0xFF,0xFF,0xF8,0x7F,0xBF,0xFC,0x03,0xFF,0xF8,0x03,0xFF,0xFF,0x80,0x00,0x00,
  0x1E,0x7F,0xFF,0xF8,0x7F,0xFF,0xFF,0x09,0xFF,0xF9,0x07,0xFE,0x0F,0x80,0x00,0x10,
  0x1F,0x3F,0xFF,0xFC,0x1F,0x80,0x3F,0x3F,0xFF,0xFC,0x67,0xF8,0x03,0x80,0x00,0x00,
  0x00,0x1F,0xFF,0xFF,0xDC,0x0A,0x07,0xFF,0xFF,0xFF,0xFF,0xF0,0x00,0x00,0x00,0x00,
  0x80,0x0D,0xFF,0xFF,0xF0,0x00,0x01,0xFF,0xFF,0xFF,0xFF,0xE0,0x00,0x00,0xE0,0x00,
  0xC0,0x00,0x9F,0xFF,0xCA,0xAA,0xAA,0x7F,0xFF,0xFF,0xFF,0xC8,0x00,0x30,0x70,0x30,
  0xC8,0x60,0x0F,0xF5,0x80,0x00,0x00,0x3F,0xD7,0xFF,0xFF,0xC0,0x0C,0x18,0x01,0x18,
  0xDC,0x00,0x2F,0xFF,0x2A,0x8A,0x2A,0x9F,0xFF,0xFF,0xFF,0xE0,0x1E,0x00,0x00,0x00,
  0xFF,0x0D,0xEF,0xD6,0x00,0x00,0x00,0x0D,0x57,0xFF,0xFF,0xE1,0xFC,0x00,0x00,0x00,
  0xFF,0x9F,0xFF,0xFC,0xAA,0x8A,0x2A,0xA7,0xFF,0xFF,0xFF,0xFF,0xE0,0x0C,0x20,0x00,
  0xFF,0xFF,0xF7,0xF4,0x00,0x00,0x00,0x05,0x57,0x7F,0xFF,0xF9,0x80,0x98,0x00,0x3C,
  0x1F,0xFF,0xFF,0xFA,0xAA,0xAA,0xAA,0xAB,0xFF,0xFF,0xFF,0xC3,0x63,0xF6,0x00,0x7F,
  0x07,0xFF,0xFF,0xF8,0x00,0x00,0x00,0x03,0x55,0xF5,0x7F,0x82,0x87,0xFF,0x10,0xFF,
  0x00,0xFF,0xFF,0xF2,0xAA,0xAA,0xAA,0xA9,0xFF,0xFF,0xFF,0x87,0x8F,0xFF,0x01,0xF3,
  0x00,0x1F,0xDF,0xF0,0x00,0x00,0x00,0x01,0x55,0x55,0x7F,0xDF,0xFF,0xFE,0x07,0x80,
  0x40,0x1F,0xFF,0xEA,0xAA,0x2A,0x8A,0xAA,0xFF,0xFF,0xFF,0xFF,0xFF,0xFC,0x1C,0x00,
  0x00,0x0F,0xF5,0x60,0x00,0x00,0x00,0x00,0xD5,0x55,0xFF,0xFF,0xFF,0xFF,0xFC,0x08,
  0x20,0xDF,0xFF,0xE8,0xAA,0x00,0x0A,0xA2,0xFF,0xFF,0xFF,0xFF,0xFF,0xFF,0xF8,0x38,
  0x09,0xFF,0xD5,0x40,0x00,0x00,0x00,0x00,0x55,0x55,0xFF,0xFF,0xFF,0xFF,0xF0,0x3C,
  0x3F,0xFF,0xFF,0xCA,0xA0,0xAA,0xA0,0xAA,0x7F,0xFF,0xFF,0xFF,0xFF,0xFF,0xF0,0x7E,
  0xFF,0xFF,0xFD,0x40,0x00,0x00,0x00,0x00,0x55,0x55,0xFF,0xD5,0x7F,0xFF,0xFF,0xFF,
  0xFF,0xFF,0xFF,0xC0,0xA2,0xAA,0xA8,0xA0,0x7F,0xFF,0xFF,0xFF,0xFF,0xFF,0xFF,0x07,
  0xF1,0xF1,0xFF,0x40,0x00,0x00,0x00,0x00,0x55,0x7F,0xFF,0xD5,0x77,0xFF,0xFF,0x80,
  0xE0,0xE0,0xFF,0xC0,0xA2,0xAA,0xA8,0xA0,0x7F,0xFF,0xFF,0xFF,0xFF,0xFF,0xE4,0x00,
  0xE1,0xFB,0xFF,0xC0,0x00,0x00,0x00,0x00,0x57,0xDF,0x5F,0xD7,0xFF,0xFF,0x80,0x00,
  0x00,0x38,0x7F,0xC0,0x02,0xAA,0xA8,0x00,0x7F,0xFF,0xFF,0xFF,0xFF,0xFF,0x25,0x00,
  0x00,0x0F,0xFF,0xC0,0x00,0x00,0x00,0x00,0x75,0x55,0x5F,0x55,0x5F,0xFF,0x01,0x82,
  0x01,0x0F,0xFF,0xCA,0x08,0xAA,0xA0,0x0A,0x7F,0xFF,0xFF,0xFF,0xFF,0xFF,0x00,0x07,
  0x00,0x07,0xFF,0xC0,0x00,0x00,0x00,0x00,0x55,0x5D,0x7D,0x55,0x57,0xFF,0x20,0x6F,
  0x16,0x07,0xFF,0xCA,0x02,0xAA,0xA8,0x0A,0x7F,0xFF,0xFF,0xFF,0xFF,0xFC,0x00,0x4F,
  0x07,0x0F,0xD5,0x40,0x00,0x00,0x00,0x00,0x55,0x55,0x7D,0x55,0x5F,0xF9,0x0F,0xFC,
  0x01,0xDF,0xFF,0xCA,0xAA,0xAA,0xAA,0xAA,0x7F,0xFF,0xFF,0xFF,0xFF,0xF3,0xDF,0xF8,
  0xE7,0xFF,0x55,0x40,0x00,0x00,0x00,0x00,0x55,0x55,0x7D,0x55,0x7F,0xFF,0xFF,0xB1,
  0xFF,0xFF,0xFF,0xCA,0xAA,0xAA,0xAA,0xAA,0x7F,0xFF,0xFF,0xFF,0xFF,0xFF,0xFF,0xF7,
  0xFF,0xFF,0x75,0x80,0x00,0x00,0x00,0x00,0x35,0x55,0xD5,0x57,0xFF,0xFF,0xFF,0xF9,
  0xFF,0xFF,0xFF,0x8A,0xA8,0xAA,0xA2,0xAA,0x3F,0xFF,0xFF,0xFF,0xFF,0xFF,0xFF,0xE0,
  0xF3,0xFF,0x57,0x00,0x00,0x00,0x00,0x00,0x15,0x55,0x59,0x55,0x57,0xFF,0xFF,0xE0,
  0xE9,0xFF,0xFE,0x8A,0xAA,0x20,0x8A,0xAA,0x2F,0xFF,0xF2,0xFF,0xFF,0xFF,0xFF,0x88,
  0x60,0x75,0x58,0x00,0x00,0x00,0x00,0x00,0x03,0x55,0xC0,0xD5,0x57,0x55,0x7F,0x80,
  0x2A,0x8F,0xE2,0x8A,0xAA,0x2A,0x8A,0xAA,0x28,0xFE,0x2A,0xFF,0xFF,0xFF,0xFE,0x00,
  0x20,0x00,0x00,0x00,0x00,0x00,0x00,0x00,0x00,0x00,0x00,0xD5,0x55,0x55,0xF8,0x0D,
  0x32,0xAA,0xAA,0x8A,0xAA,0xA0,0xAA,0xAA,0xAA,0xAA,0xA9,0xFF,0xFF,0xFF,0xFF,0xEF,
  0x10,0x00,0x00,0x00,0x00,0x00,0x00,0x00,0x00,0x00,0x01,0x55,0xF5,0x57,0xFF,0xFF,
  0x1A,0xAA,0xAA,0x8A,0xAA,0xAA,0xAA,0xAA,0xAA,0xAA,0xAB,0xFF,0xFF,0xFF,0xFF,0xFF,
  0x08,0x00,0x00,0x00,0x00,0x00,0x00,0x00,0x00,0x00,0x03,0x55,0x5F,0x7D,0xDF,0xFF,
  0x4C,0xAA,0xAA,0xAA,0xAA,0xAA,0xAA,0xAA,0xAA,0xAA,0xA7,0xFF,0xFF,0xFF,0xFF,0xFF,
  0xFE,0x00,0x00,0x00,0x00,0x00,0x00,0x00,0x00,0x00,0x0D,0x55,0x55,0xFF,0x57,0xFF,
  0xFF,0x2A,0xAA,0xAA,0xAA,0xAA,0xAA,0xAA,0x2A,0xAA,0x9F,0xFF,0xFF,0xFF,0xFF,0xFF,
  0xFF,0x80,0x00,0x00,0x00,0x00,0x00,0x00,0x00,0x00,0x35,0x55,0x55,0x7D,0x57,0xFF,
  0xFF,0xE0,0xAA,0x8A,0xAA,0xAA,0xAA,0xAA,0x2A,0xA0,0xFF,0xFF,0xFF,0xFF,0xFF,0xFF
};
#define FZI_Levelup2_F4_W 128
#define FZI_Levelup2_F4_H 64

static const uint8_t FZI_Levelup2_F5[1024] PROGMEM = {
  0x00,0x00,0x00,0x00,0x00,0x00,0x00,0x00,0x00,0x00,0x00,0x00,0x00,0x00,0x00,0x00,
  0x00,0x00,0x00,0x00,0x00,0x00,0x00,0x00,0x00,0x00,0x00,0x00,0x00,0x00,0x00,0x00,
  0x00,0x00,0x00,0x00,0x00,0x00,0x00,0x00,0x00,0x00,0x00,0x00,0x00,0x00,0x00,0x00,
  0x00,0x00,0x00,0x00,0x00,0x00,0x00,0x00,0x00,0x00,0x00,0x00,0x00,0x00,0x00,0x00,
  0x00,0x00,0x00,0x00,0x00,0x00,0x00,0x00,0x00,0x00,0x00,0x00,0x00,0x00,0x00,0x00,
  0x00,0x00,0x00,0x00,0x00,0x00,0x00,0x00,0x00,0x00,0x00,0x00,0x00,0x00,0x00,0x00,
  0x00,0x00,0x00,0x00,0x00,0x00,0x00,0x00,0x00,0x00,0x00,0x00,0x00,0x00,0x00,0x00,
  0x00,0x00,0x00,0x00,0x00,0x00,0x00,0x00,0x00,0x00,0x00,0x00,0x00,0x00,0x00,0x00,
  0x00,0x00,0x00,0x00,0x00,0x00,0x00,0x00,0x00,0x00,0x00,0x00,0x00,0x00,0x00,0x00,
  0x00,0x00,0x00,0x00,0x00,0x00,0x00,0x00,0x00,0x00,0x00,0x00,0x00,0x00,0x00,0x00,
  0x00,0x00,0x00,0x00,0x00,0x00,0x00,0x00,0x00,0x00,0x00,0x00,0x00,0x00,0x00,0x00,
  0x00,0x00,0x00,0x00,0x00,0x00,0x00,0x00,0x00,0x00,0x00,0x00,0x00,0x00,0x00,0x00,
  0x00,0x00,0x00,0x00,0x00,0x00,0x00,0x00,0x00,0x00,0x00,0x00,0x00,0x00,0x00,0x00,
  0x00,0x00,0x00,0x00,0x00,0x00,0x00,0x00,0x00,0x00,0x00,0x00,0x00,0x00,0x00,0x00,
  0x00,0x00,0x10,0x03,0x00,0x3F,0xE0,0x00,0x00,0xF0,0x38,0x00,0x00,0x00,0x00,0x00,
  0x00,0x00,0x00,0x01,0x81,0xFF,0xDC,0x40,0x21,0xC0,0x0C,0x00,0x00,0x00,0x00,0x00,
  0x00,0x00,0x02,0x00,0x07,0x80,0x3B,0x00,0x00,0x00,0x00,0x00,0x00,0x00,0x00,0x00,
  0x00,0x00,0x00,0x00,0x1C,0x2A,0x86,0xC7,0x00,0x1C,0x06,0xE0,0x00,0x00,0x00,0x00,
  0x00,0x00,0x00,0x01,0xB1,0x00,0x11,0xAC,0x70,0x1C,0x7F,0x00,0x00,0x00,0x00,0x00,
  0x00,0x01,0x80,0x73,0xC8,0xAA,0xA2,0x79,0xF0,0x0D,0xFE,0x00,0x80,0x00,0x00,0x00,
  0x00,0x02,0xC1,0xFF,0x91,0x55,0x51,0x3E,0x30,0x0F,0xF8,0x00,0x78,0x00,0x00,0x00,
  0x00,0x00,0x13,0xFF,0x2A,0xAA,0xAA,0x9E,0x00,0xFF,0xF0,0x40,0x1C,0x00,0x00,0x00,
  0x00,0x00,0x03,0xBE,0x55,0x55,0x55,0x4A,0x03,0xFF,0xE0,0x00,0x0C,0x00,0x00,0x00,
  0x01,0x80,0x03,0x1C,0xAA,0xAA,0xAA,0xA7,0x0F,0xFF,0xE0,0x00,0x00,0x00,0x00,0x00,
  0x01,0xF4,0x00,0x1D,0x15,0x55,0x55,0x17,0xFF,0xFF,0xC0,0x00,0x00,0x00,0x00,0x00,
  0x01,0xE0,0x00,0x0A,0x2A,0x00,0x0A,0x8B,0xFF,0xFF,0xE3,0xE0,0x00,0x00,0x00,0x00,
  0x00,0x00,0x0E,0x19,0x51,0x55,0x51,0x53,0xFF,0xDF,0xFF,0xF8,0x00,0x02,0x08,0x00,
  0x00,0x00,0x0F,0xF2,0xA2,0xAA,0xA8,0xA9,0xFF,0xFF,0xFF,0xFF,0xC0,0x40,0x04,0x00,
  0x10,0x06,0xCF,0xF4,0x45,0x55,0x54,0x45,0x55,0x7F,0xFF,0xFF,0xF0,0x00,0x00,0x00,
  0x00,0x01,0xEF,0xEA,0x8A,0xAA,0xAA,0x2A,0xFF,0xFF,0xC7,0xFF,0xF8,0x00,0x00,0x00,
  0x03,0x00,0x37,0xE4,0x15,0x55,0x55,0x04,0xD5,0x7F,0x01,0xFF,0xF8,0x20,0x00,0x00,
  0x00,0x1C,0x3F,0xE8,0xAA,0x80,0x2A,0xA2,0xFF,0xFE,0x0F,0xCE,0x38,0x00,0x80,0x38,
  0x08,0x1C,0x3F,0x50,0x14,0x15,0x05,0x01,0x55,0x5E,0x0F,0x02,0x18,0x00,0x00,0xF0,
  0x00,0x30,0x3F,0xC8,0xA0,0xAA,0xA0,0xA2,0x7F,0xFF,0x3F,0x80,0x00,0x08,0x00,0x00,
  0x01,0x0B,0xFF,0x55,0x41,0x15,0x10,0x55,0x7D,0x7F,0xFF,0x80,0x00,0x0F,0x80,0x00,
  0x00,0x9F,0xFF,0xC0,0xA2,0xAA,0xA8,0xA0,0x7F,0xFF,0xFF,0x01,0x01,0x81,0xC0,0x00,
  0x30,0x8F,0xFF,0xD4,0x55,0x15,0x15,0x45,0x5D,0x5F,0xFF,0x00,0x00,0xC1,0xE0,0x00,
  0x39,0xFF,0xFF,0xC0,0xA2,0xAA,0xA8,0xA0,0x7F,0xFF,0xFF,0xF8,0x20,0x00,0x00,0x00,
  0x9F,0xFF,0xD5,0x54,0x55,0x15,0x15,0x45,0x5D,0x5F,0x5F,0xFF,0x80,0x00,0x00,0x00,
  0xCF,0xFF,0xFF,0xC0,0x02,0xAA,0xA8,0x00,0x7F,0xFF,0xFF,0xFF,0x40,0x00,0x00,0x00,
  0x6E,0x3F,0xFD,0x50,0x44,0x00,0x04,0x41,0x5D,0x55,0x7F,0xFF,0xE0,0x01,0x80,0x00,
  0xF8,0x1F,0xFF,0x8A,0x00,0x2A,0x80,0x0A,0x3F,0xFF,0xFF,0xFE,0x00,0x63,0x80,0x4E,
  0x00,0x07,0xFF,0x55,0x51,0x55,0x51,0x55,0x5D,0x55,0x7D,0xFE,0x04,0xFF,0x00,0x1E,
  0x00,0x00,0x7F,0x0A,0x02,0x2A,0x88,0x0A,0x1F,0xFF,0xFF,0xFF,0x9F,0xFE,0x00,0x00,
  0x00,0x03,0x1F,0x55,0x55,0x55,0x55,0x55,0x55,0x55,0x7D,0x7F,0xFF,0xFE,0x38,0x00,
  0x00,0x83,0x5F,0x2A,0xAA,0xAA,0xAA,0xAA,0x9F,0xFF,0xFF,0xFF,0xFF,0xFC,0x70,0x00,
  0x01,0xE1,0xE3,0x45,0x51,0x15,0x11,0x54,0x55,0x57,0xFD,0x7F,0xFF,0xF8,0xC0,0x10,
  0x00,0x68,0xE1,0x22,0xAA,0xAA,0xAA,0xA8,0x9F,0xFF,0xFF,0xFF,0xFF,0xFF,0xF3,0x00,
  0x00,0x01,0xE1,0x55,0x55,0x15,0x15,0x55,0x5F,0xFD,0x5D,0x55,0xFF,0xFF,0xFF,0xCE,
  0x3E,0x07,0xF0,0x2A,0xA8,0x8A,0x22,0xAA,0x9F,0xFF,0xFF,0xFF,0xFF,0xFF,0xFF,0xFF,
  0xF3,0x8F,0xFD,0x51,0x54,0x55,0x45,0x51,0x5F,0xF5,0x59,0x55,0x57,0xFF,0xF0,0x3F,
  0xE9,0xFF,0xFE,0x2A,0xAA,0x00,0x0A,0xAA,0x8F,0xFF,0xF2,0xFF,0xFF,0xFF,0xE0,0x01,
  0xE4,0x7F,0x59,0x55,0x54,0x15,0x05,0x55,0x53,0xD5,0xC4,0xD5,0x5F,0xFF,0x80,0x00,
  0xEA,0x8F,0xE2,0x22,0xAA,0x2A,0x8A,0xA8,0x88,0xFE,0x2A,0xFF,0xFF,0xFE,0x00,0x81,
  0x25,0x50,0x15,0x55,0x55,0x15,0x15,0x55,0x55,0x01,0x54,0xDD,0xFF,0xFD,0xF0,0x03,
  0x12,0xAA,0xAA,0x2A,0xAA,0xA0,0xAA,0xAA,0x8A,0xAA,0xA9,0xFF,0xFF,0xFF,0xF8,0x03,
  0x15,0x51,0x55,0x45,0x55,0x55,0x55,0x54,0x55,0x51,0x55,0x5F,0xFF,0xFF,0x18,0x01,
  0x4A,0xAA,0xAA,0xAA,0xAA,0xAA,0xAA,0xAA,0x8A,0xAA,0xAB,0xFF,0xFF,0xC0,0x0C,0x00,
  0x09,0x51,0x55,0x05,0x55,0x55,0x55,0x54,0x15,0x51,0x53,0x55,0xFE,0x00,0x1C,0xC6,
  0x8C,0xA2,0xAA,0xAA,0xAA,0xAA,0xAA,0xAA,0xAA,0xA8,0xA7,0xFF,0xFE,0x04,0x00,0x60,
  0xF2,0x45,0x55,0x05,0x55,0x55,0x55,0x54,0x15,0x54,0x4D,0xF5,0xFF,0x00,0x00,0x38,
  0xFF,0x0A,0xAA,0xAA,0xAA,0xAA,0xAA,0xAA,0xAA,0xAA,0x1F,0xFF,0xFF,0x01,0x90,0x38,
  0xFF,0x95,0x55,0x05,0x55,0x55,0x55,0x54,0x15,0x55,0x3F,0x55,0x5F,0xC7,0x00,0x00,
  0xFF,0xE0,0xAA,0xAA,0xAA,0xAA,0xAA,0xAA,0xAA,0xA0,0xFF,0xFF,0xFF,0xFF,0x23,0x80
};
#define FZI_Levelup2_F5_W 128
#define FZI_Levelup2_F5_H 64

static const uint8_t FZI_Levelup2_F6[1024] PROGMEM = {
  0x00,0x00,0x00,0x00,0x00,0x00,0x00,0x00,0x00,0x00,0x00,0x00,0x00,0x00,0x00,0x00,
  0x00,0x00,0x00,0x00,0x00,0x00,0x00,0x00,0x00,0x00,0x00,0x00,0x00,0x00,0x00,0x00,
  0x00,0x00,0x00,0x00,0x00,0x00,0x00,0x00,0x00,0x00,0x00,0x00,0x00,0x00,0x00,0x00,
  0x00,0x00,0x00,0x00,0x00,0x00,0x00,0x00,0x00,0x00,0x00,0x00,0x00,0x00,0x00,0x00,
  0x00,0x00,0x00,0x00,0x00,0x00,0x00,0x00,0x00,0x00,0x00,0x00,0x00,0x00,0x00,0x00,
  0x00,0x00,0x00,0x00,0x00,0x00,0x00,0x00,0x00,0x00,0x00,0x00,0x00,0x00,0x00,0x00,
  0x00,0x00,0x00,0x00,0x00,0x00,0x00,0x00,0x00,0x00,0x00,0x00,0x00,0x00,0x00,0x00,
  0x00,0x00,0x00,0x00,0x00,0x00,0x00,0x00,0x00,0x00,0x00,0x00,0x00,0x00,0x00,0x00,
  0x00,0x00,0x00,0x00,0x00,0x00,0x00,0x00,0x00,0x00,0x00,0x00,0x00,0x00,0x00,0x00,
  0x00,0x00,0x00,0x00,0x00,0x00,0x00,0x00,0x00,0x00,0x00,0x00,0x00,0x00,0x00,0x00,
  0x00,0x00,0x00,0x00,0x00,0x00,0x00,0x00,0x00,0x00,0x00,0x00,0x00,0x00,0x00,0x00,
  0x00,0x00,0x00,0x00,0x00,0x00,0x00,0x00,0x00,0x00,0x00,0x00,0x00,0x00,0x00,0x00,
  0x00,0x00,0x00,0x00,0x00,0x00,0x00,0x00,0x00,0x00,0x00,0x00,0x00,0x00,0x00,0x00,
  0x00,0x00,0x00,0x00,0x00,0x00,0x00,0x00,0x00,0x00,0x00,0x00,0x00,0x00,0x00,0x00,
  0x00,0x00,0x00,0x00,0x00,0x00,0x00,0x08,0x00,0x00,0x00,0x00,0x00,0x00,0x00,0x00,
  0x00,0x00,0x00,0x00,0x00,0x7F,0xC0,0x08,0x00,0x00,0x00,0x00,0x00,0x00,0x00,0x00,
  0x00,0x00,0x00,0x00,0x03,0x80,0x38,0x1C,0x00,0x00,0x00,0x00,0x00,0x00,0x00,0x00,
  0x00,0x00,0x00,0x08,0x0C,0x7F,0xC6,0x08,0x00,0x00,0x00,0x00,0x00,0x00,0x00,0x00,
  0x00,0x00,0x00,0x1C,0x33,0x00,0x19,0x88,0x00,0x00,0x00,0x00,0x00,0x00,0x00,0x00,
  0x00,0x00,0x00,0x08,0x4C,0xFF,0xE6,0x40,0x00,0x00,0x00,0x00,0x00,0x00,0x00,0x00,
  0x00,0x00,0x00,0x00,0xB3,0xFF,0xF9,0xA0,0x00,0x00,0x00,0x00,0x00,0x00,0x00,0x00,
  0x00,0x00,0x00,0x01,0x6F,0xFF,0xFE,0xD0,0x00,0x00,0x00,0x00,0x00,0x00,0x00,0x00,
  0x00,0x00,0x00,0x02,0xDF,0xFF,0xFF,0x68,0x00,0x00,0x00,0x00,0x00,0x00,0x00,0x00,
  0x00,0x00,0x00,0x05,0xBF,0xFF,0xFF,0xB4,0x00,0x00,0x00,0x00,0x00,0x00,0x00,0x00,
  0x00,0x00,0x10,0x05,0xBF,0xFF,0xFF,0xB4,0x00,0x00,0x00,0x00,0x00,0x00,0x00,0x00,
  0x00,0x00,0x10,0x0B,0x7E,0x00,0x0F,0xDA,0x12,0x00,0x00,0x00,0x00,0x00,0x00,0x00,
  0x00,0x00,0x38,0x0B,0x79,0xFF,0xF3,0xDA,0x02,0x10,0x00,0x00,0x00,0x00,0x00,0x00,
  0x00,0x00,0x10,0x16,0xF7,0xFF,0xFD,0xED,0x07,0x00,0x00,0x00,0x00,0x00,0x00,0x00,
  0x00,0x40,0x10,0x16,0xEF,0xFF,0xFE,0xED,0x02,0x00,0x00,0x00,0x00,0x00,0x00,0x00,
  0x00,0x00,0xC0,0x2E,0xDF,0xFF,0xFF,0x6E,0x82,0x00,0x00,0x00,0x00,0x00,0x00,0x00,
  0x00,0x01,0xC0,0x2E,0x1F,0xFF,0xFF,0x0E,0x82,0x3E,0x04,0x40,0x00,0x00,0x00,0x00,
  0x00,0x01,0xC1,0x2D,0xEF,0x80,0x3E,0xF6,0x88,0x1E,0x00,0x00,0x00,0x00,0x00,0x00,
  0x00,0x40,0xE0,0x5A,0x16,0x3F,0x8D,0x0B,0x50,0x80,0x00,0x00,0x00,0x00,0x00,0x00,
  0x00,0x20,0x20,0x59,0xE5,0xBF,0xB4,0xF3,0x40,0x00,0x00,0x00,0x00,0x08,0x00,0x00,
  0x00,0x00,0x10,0x55,0xE3,0xBF,0xB8,0xF5,0x40,0x00,0x00,0x70,0x00,0x00,0x00,0x00,
  0x00,0x00,0x00,0x55,0xF3,0xBF,0xB9,0xF5,0x42,0x00,0x00,0xF0,0x00,0x00,0x00,0x40,
  0x00,0x00,0x01,0x54,0xF7,0xBF,0xBD,0xE5,0x40,0x00,0xC1,0xF0,0x30,0x00,0x00,0x80,
  0x1E,0x38,0x80,0x54,0xF7,0xBF,0xBD,0xE5,0x40,0x11,0x87,0xE0,0x20,0x00,0x00,0x00,
  0x1E,0x3C,0x08,0x54,0x77,0xBF,0xBD,0xC5,0x40,0x00,0x0F,0xC0,0x80,0x00,0x00,0x00,
  0x00,0x1F,0x3E,0x55,0x07,0xBF,0xBC,0x15,0x42,0x00,0x1F,0x80,0x00,0x00,0x10,0x00,
  0x00,0x03,0xBF,0x5A,0xE6,0x00,0x0C,0xEB,0x40,0x00,0x38,0x00,0x07,0x80,0x00,0x00,
  0x41,0x81,0xB9,0x9B,0x05,0x7F,0xD4,0x1B,0x2C,0x43,0xF8,0x00,0x01,0xF8,0x00,0x00,
  0x03,0xC0,0x91,0x5D,0xF3,0x7F,0xD9,0xF7,0x50,0x07,0xE0,0x21,0xC0,0x78,0x00,0x00,
  0x03,0xFF,0xE1,0x5E,0x07,0x7F,0xDC,0x0F,0x50,0x0F,0x80,0x41,0xC0,0x38,0x00,0x00,
  0x47,0xFF,0xF1,0x5F,0xF7,0x7F,0xDD,0xFF,0x50,0x08,0x00,0x00,0xC0,0x00,0x02,0x04,
  0xE7,0xFF,0xF1,0x6F,0xFB,0xBF,0xBB,0xFE,0xD0,0xC0,0x00,0x40,0xC8,0x80,0x21,0x80,
  0xE3,0x9F,0xBD,0x6F,0xFB,0xBF,0xBB,0xFE,0xDF,0xE0,0xBC,0x09,0xC0,0x00,0x00,0x60,
  0xF7,0x0F,0xDF,0x77,0xFB,0xBF,0xBB,0xFD,0xDF,0xE0,0x3D,0x07,0x80,0x10,0x40,0x30,
  0xFF,0x1F,0xE7,0x77,0xFD,0xBF,0xB7,0xFD,0xDF,0x81,0x18,0x3F,0x80,0x08,0x00,0x30,
  0xFC,0x3F,0xF0,0x7B,0xFD,0xDF,0x77,0xFB,0xDF,0xC3,0x7F,0xFF,0xC7,0xC0,0x08,0x00,
  0x32,0x3F,0xF1,0x7B,0xFC,0xDF,0x67,0xFB,0xDF,0xFF,0xF9,0xFF,0xFF,0xF9,0xF0,0x00,
  0x2D,0x8F,0xF6,0x7B,0xFE,0x40,0x4F,0xFB,0xCF,0xFF,0xF6,0xFF,0xFF,0xFF,0xF8,0x08,
  0x2E,0x7F,0xF9,0x77,0xFE,0x1F,0x0F,0xFD,0xD3,0xFF,0xCE,0xF3,0xFF,0xF0,0xF8,0x00,
  0x2F,0x8F,0xE7,0x77,0xFF,0x7F,0xDF,0xFD,0xDC,0xFE,0x3E,0xE2,0xFF,0x80,0x70,0x00,
  0x2F,0xF0,0x1F,0x77,0xFF,0x9F,0x3F,0xFD,0xDF,0x01,0xFE,0xFE,0x0F,0x88,0x00,0xC8,
  0x17,0xFB,0xFF,0x6F,0xFF,0xE0,0xFF,0xFE,0xDF,0xFB,0xFD,0xFC,0x2F,0xC0,0x00,0x7C,
  0x17,0xFB,0xFF,0x6F,0xFF,0xFF,0xFF,0xFE,0xDF,0xFB,0xFD,0xFC,0x77,0xE4,0xE0,0x1E,
  0x0B,0xFB,0xFF,0xAF,0xFF,0xFF,0xFF,0xFE,0xDF,0xFB,0xFB,0xFF,0xF9,0xF0,0xE1,0x07,
  0x1B,0xFB,0xFF,0xAF,0xFF,0xFF,0xFF,0xFE,0xBF,0xFB,0xFB,0xFF,0xF0,0x71,0xE0,0x03,
  0x3D,0xF7,0xFF,0xAF,0xFF,0xFF,0xFF,0xFE,0xBF,0xFD,0xF7,0xFF,0xF8,0x3F,0xE0,0x03,
  0x1E,0xEF,0xFF,0xAF,0xFF,0xFF,0xFF,0xFE,0xBF,0xFE,0xEC,0xFF,0xFF,0x8F,0x0C,0x0B,
  0x3F,0x1F,0xFF,0xAF,0xFF,0xFF,0xFF,0xFE,0xBF,0xFF,0x10,0x3C,0x0F,0xE0,0x27,0xC1,
  0x5F,0x9F,0xFF,0xAF,0xFF,0xFF,0xFF,0xFE,0xBF,0xFF,0x20,0x18,0x07,0xF1,0x21,0xC0,
  0xFF,0xE0,0xFF,0xAF,0xFF,0xFF,0xFF,0xFE,0xBF,0xE0,0xF1,0xC3,0xC3,0xF8,0x00,0x00
};
#define FZI_Levelup2_F6_W 128
#define FZI_Levelup2_F6_H 64

static const uint8_t FZI_Levelup2_F7[1024] PROGMEM = {
  0x00,0x00,0x00,0x00,0x00,0x00,0x00,0x00,0x00,0x00,0x00,0x00,0x00,0x00,0x00,0x00,
  0x00,0x00,0x00,0x00,0x00,0x00,0x00,0x00,0x00,0x00,0x00,0x00,0x00,0x00,0x00,0x00,
  0x00,0x00,0x00,0x00,0x00,0x00,0x00,0x00,0x00,0x00,0x00,0x00,0x00,0x00,0x00,0x00,
  0x00,0x00,0x00,0x00,0x00,0x00,0x00,0x00,0x00,0x00,0x00,0x00,0x00,0x00,0x00,0x00,
  0x00,0x00,0x00,0x00,0x00,0x00,0x00,0x00,0x00,0x00,0x00,0x00,0x00,0x00,0x00,0x00,
  0x00,0x00,0x00,0x00,0x00,0x00,0x00,0x00,0x00,0x00,0x00,0x00,0x00,0x00,0x00,0x00,
  0x00,0x00,0x00,0x00,0x00,0x00,0x00,0x00,0x00,0x00,0x00,0x00,0x00,0x00,0x00,0x00,
  0x00,0x00,0x00,0x00,0x00,0x00,0x00,0x00,0x00,0x00,0x00,0x00,0x00,0x00,0x00,0x00,
  0x00,0x00,0x00,0x00,0x00,0x00,0x00,0x00,0x00,0x00,0x00,0x00,0x00,0x00,0x00,0x00,
  0x00,0x00,0x00,0x00,0x00,0x00,0x00,0x00,0x00,0x00,0x00,0x00,0x00,0x00,0x00,0x00,
  0x00,0x00,0x00,0x00,0x00,0x00,0x00,0x20,0x00,0x00,0x00,0x00,0x00,0x00,0x00,0x00,
  0x00,0x00,0x00,0x00,0x00,0x00,0x00,0x04,0x00,0x00,0x00,0x00,0x00,0x00,0x00,0x00,
  0x00,0x00,0x00,0x00,0x00,0x00,0x00,0x00,0x00,0x00,0x00,0x00,0x00,0x00,0x00,0x00,
  0x00,0x00,0x00,0x00,0x00,0x00,0x00,0x04,0x00,0x00,0x00,0x00,0x00,0x00,0x00,0x00,
  0x00,0x00,0x00,0x00,0x00,0xFF,0x80,0x04,0x00,0x00,0x00,0x00,0x00,0x00,0x00,0x00,
  0x00,0x00,0x00,0x40,0x07,0x00,0x70,0x04,0x00,0x00,0x00,0x00,0x00,0x00,0x00,0x00,
  0x00,0x00,0x00,0x40,0x18,0xE0,0x0C,0x3F,0x80,0x00,0x00,0x00,0x00,0x00,0x00,0x00,
  0x00,0x00,0x00,0xE0,0x67,0x9F,0xF3,0x04,0x00,0x00,0x00,0x00,0x00,0x00,0x00,0x00,
  0x00,0x00,0x00,0x40,0x9F,0x7F,0xFC,0x84,0x00,0x00,0x00,0x00,0x00,0x00,0x00,0x00,
  0x00,0x00,0x00,0x41,0x7E,0xFF,0xFE,0x44,0x00,0x00,0x00,0x00,0x00,0x00,0x00,0x00,
  0x00,0x00,0x00,0x02,0x7D,0xFF,0xFF,0x24,0x00,0x00,0x00,0x00,0x00,0x00,0x00,0x00,
  0x00,0x00,0x00,0x04,0xFD,0xFF,0xFF,0x50,0x00,0x00,0x00,0x00,0x00,0x00,0x00,0x00,
  0x00,0x00,0x00,0x0A,0xFB,0xFF,0xFF,0xA8,0x00,0x00,0x00,0x00,0x00,0x00,0x00,0x00,
  0x00,0x00,0x00,0x0A,0xFB,0xFF,0xE0,0x28,0x00,0x00,0x00,0x00,0x00,0x00,0x00,0x00,
  0x00,0x00,0x20,0x16,0xFB,0xFF,0x1F,0x94,0x02,0x00,0x00,0x00,0x00,0x00,0x00,0x00,
  0x00,0x00,0x00,0x16,0x80,0xFE,0xFF,0xE4,0x00,0x00,0x00,0x00,0x00,0x00,0x00,0x00,
  0x00,0x00,0x20,0x2E,0x7F,0x7D,0x7F,0xF2,0x02,0x00,0x00,0x00,0x00,0x00,0x00,0x00,
  0x00,0x00,0x20,0x2E,0xC1,0xBB,0xBF,0xF2,0x02,0x00,0x00,0x00,0x00,0x00,0x00,0x00,
  0x00,0x00,0x20,0x2D,0xBE,0xD7,0xDF,0xFA,0x02,0x00,0x00,0x00,0x00,0x00,0x00,0x00,
  0x00,0x00,0xF8,0x5D,0x3E,0x4F,0xDF,0xF9,0x07,0x00,0x00,0x00,0x00,0x00,0x00,0x00,
  0x00,0x00,0x20,0x5B,0x3D,0x6F,0xEF,0xF9,0x2F,0xA0,0x00,0x00,0x00,0x00,0x00,0x00,
  0x00,0x00,0x20,0x5A,0xC3,0xAF,0xEE,0x09,0x07,0x00,0x00,0x00,0x00,0x00,0x00,0x00,
  0x00,0x00,0x00,0x5A,0xDB,0xAF,0xE9,0xF1,0x02,0x00,0x00,0x00,0x00,0x00,0x00,0x00,
  0x00,0x00,0x20,0xBA,0xDB,0xAF,0xE7,0xFA,0x82,0x00,0x00,0x00,0x00,0x00,0x00,0x00,
  0x00,0x00,0x00,0xBA,0xC3,0xAF,0xCF,0xFC,0x82,0x80,0x00,0x00,0x00,0x00,0x00,0x00,
  0x00,0x00,0x00,0xBD,0x3D,0xAF,0xB7,0xFE,0x80,0x00,0x40,0x00,0x00,0x00,0x00,0x00,
  0x00,0x03,0x00,0x9D,0x3E,0x4C,0x1B,0xC6,0x82,0x00,0x00,0x00,0x00,0x00,0x00,0x00,
  0x00,0x01,0x88,0x9E,0xB8,0x03,0xEB,0x3A,0x84,0x00,0x00,0x00,0x00,0x00,0x00,0x00,
  0x00,0x00,0x00,0xAE,0xC7,0xFF,0xE8,0xFC,0x80,0x00,0x00,0x00,0x00,0x00,0x00,0x00,
  0x00,0x00,0x00,0xAF,0x2F,0xFF,0xEB,0xFC,0x40,0x10,0x00,0x00,0x00,0x00,0x00,0x00,
  0x00,0x00,0x00,0xB7,0xDF,0xFF,0xE7,0xFD,0x40,0x00,0x08,0x00,0x00,0x00,0x00,0x00,
  0x01,0x00,0x08,0xB7,0xDF,0xFF,0xEF,0xFD,0x40,0x00,0x38,0x00,0x00,0x00,0x00,0x00,
  0x00,0x00,0x00,0xB7,0xDF,0x7F,0x9F,0xFB,0x40,0x00,0x20,0x18,0x00,0x00,0x00,0x00,
  0x00,0x00,0x00,0xB7,0xFF,0x9E,0x7F,0xFB,0x40,0x00,0x00,0x38,0x00,0x00,0x00,0x00,
  0xE0,0x00,0x01,0x2F,0xFF,0xE1,0xFF,0xF7,0x40,0x00,0x00,0x70,0x00,0x00,0x00,0x00,
  0xF0,0x03,0x02,0x9F,0xFF,0xFF,0xFF,0xEF,0x40,0x00,0x01,0x40,0x00,0x00,0x00,0x00,
  0xF8,0x03,0xC6,0xBF,0xFF,0xFF,0xFF,0xDF,0x40,0x00,0x00,0x00,0x00,0x18,0x00,0x00,
  0xF8,0x03,0xC2,0xDF,0xFF,0xFF,0xFF,0xBF,0x60,0x03,0x80,0x00,0x00,0xF8,0x00,0x00,
  0x7C,0xC0,0x02,0xE7,0xFF,0xFF,0xFF,0x7F,0x12,0x07,0x80,0x00,0x02,0x38,0x00,0x00,
  0x1F,0xF0,0x02,0xF9,0xFF,0xFF,0xFF,0xFF,0x68,0x1C,0x00,0x10,0x0F,0x80,0x00,0x00,
  0x07,0xEC,0x02,0xFC,0x7F,0xFF,0xFF,0xFF,0x68,0x00,0x00,0x00,0x71,0xFC,0x00,0x00,
  0x00,0x01,0x02,0xFD,0xBF,0xFF,0xFF,0xFF,0x68,0x00,0x0C,0x00,0x00,0x7E,0x00,0x00,
  0x00,0x00,0x82,0xFD,0xBF,0xFF,0xFF,0xFF,0x68,0x00,0x12,0x00,0x00,0x1F,0x00,0x00,
  0x18,0x00,0x02,0xFD,0xBF,0xFF,0xFF,0xFF,0x48,0x00,0x2D,0x00,0x00,0x0F,0x00,0x30,
  0x26,0x00,0x0D,0x7B,0x7F,0xFF,0xFF,0xFF,0x48,0x00,0xDD,0x00,0x00,0x0E,0x00,0x70,
  0x59,0x80,0x33,0x7B,0x7F,0xFF,0xFF,0xFF,0x56,0x07,0x3D,0xF4,0x00,0x00,0x00,0x00,
  0x5E,0x7F,0xCF,0x7A,0xFF,0xFF,0xFF,0xFF,0x39,0xF8,0xFD,0xF8,0x78,0x20,0x00,0x00,
  0x5F,0x80,0x3F,0x76,0xFF,0xFF,0xFF,0xFF,0x3E,0x07,0xFB,0xFF,0xFC,0x00,0x00,0x00,
  0x5F,0xEF,0xFF,0x75,0xFF,0xFF,0xFF,0xFF,0x3F,0xEF,0xFB,0xF0,0x3F,0x80,0x80,0x00,
  0x2F,0xEF,0xFF,0xAD,0xFF,0xFF,0xFF,0xFF,0x7F,0xEF,0xF7,0xF0,0x07,0x80,0x06,0x00,
  0xEF,0xEF,0xFF,0xAB,0xFF,0xFF,0xFF,0xFF,0x7F,0xF7,0xF7,0xE7,0x81,0x86,0x0F,0x00,
  0x17,0xDF,0xFF,0x9B,0xFF,0xFF,0xFF,0xFF,0x7F,0xF7,0xE9,0xF3,0xE0,0x0E,0x1F,0x00,
  0x17,0xDF,0xFF,0x97,0xFF,0xFF,0xFF,0xFF,0x7F,0xFB,0xD0,0xF8,0x7F,0xFE,0x00,0x00,
  0x0B,0xBF,0xFF,0x97,0xFF,0xFF,0xFF,0xFF,0x7F,0xFD,0xA0,0x78,0x1F,0xFC,0x00,0x00
};
#define FZI_Levelup2_F7_W 128
#define FZI_Levelup2_F7_H 64

static const uint8_t FZI_Levelup2_F8[1024] PROGMEM = {
  0x00,0x00,0x00,0x00,0x00,0x00,0x00,0x00,0x00,0x00,0x00,0x00,0x00,0x00,0x00,0x00,
  0x00,0x00,0x00,0x00,0x00,0x00,0x00,0x00,0x00,0x00,0x00,0x00,0x00,0x00,0x00,0x00,
  0x00,0x00,0x00,0x00,0x00,0x00,0x00,0x00,0x00,0x00,0x00,0x00,0x00,0x00,0x00,0x00,
  0x00,0x00,0x00,0x00,0x00,0x00,0x00,0x00,0x00,0x00,0x00,0x00,0x00,0x00,0x00,0x00,
  0x00,0x00,0x00,0x00,0x00,0x00,0x00,0x00,0x00,0x00,0x00,0x00,0x00,0x00,0x00,0x00,
  0x00,0x00,0x00,0x00,0x00,0x00,0x00,0x00,0x00,0x00,0x00,0x00,0x00,0x00,0x00,0x00,
  0x00,0x00,0x00,0x00,0x00,0x00,0x00,0x00,0x00,0x00,0x00,0x00,0x00,0x00,0x00,0x00,
  0x00,0x00,0x00,0x00,0x00,0x00,0x00,0x00,0x00,0x00,0x00,0x00,0x00,0x00,0x00,0x00,
  0x00,0x00,0x00,0x00,0x00,0x00,0x00,0x00,0x00,0x00,0x00,0x00,0x00,0x00,0x00,0x00,
  0x00,0x00,0x00,0x00,0x00,0x00,0x00,0x20,0x00,0x00,0x00,0x00,0x00,0x00,0x00,0x00,
  0x00,0x00,0x00,0x00,0x00,0x00,0x00,0x20,0x00,0x00,0x00,0x00,0x00,0x00,0x00,0x00,
  0x00,0x00,0x00,0x00,0x00,0x00,0x00,0x00,0x00,0x00,0x00,0x00,0x00,0x00,0x00,0x00,
  0x00,0x00,0x00,0x00,0x00,0x00,0x00,0x20,0x00,0x00,0x00,0x00,0x00,0x00,0x00,0x00,
  0x00,0x00,0x00,0x00,0x00,0x00,0x00,0x00,0x00,0x00,0x00,0x00,0x00,0x00,0x00,0x00,
  0x00,0x00,0x00,0x00,0x0F,0xF8,0x00,0x20,0x00,0x00,0x00,0x00,0x00,0x00,0x00,0x00,
  0x00,0x00,0x00,0x00,0x70,0x07,0x00,0x20,0x00,0x00,0x00,0x00,0x00,0x00,0x00,0x00,
  0x00,0x00,0x00,0x01,0x8F,0xC0,0xC0,0xF8,0x00,0x00,0x00,0x00,0x00,0x00,0x00,0x00,
  0x00,0x00,0x00,0x06,0x7F,0xBF,0x30,0x20,0x00,0x00,0x00,0x00,0x00,0x00,0x00,0x00,
  0x00,0x00,0x00,0x09,0x7F,0x7F,0xC8,0x20,0x00,0x00,0x00,0x0C,0x6F,0xB3,0x30,0x00,
  0x00,0x00,0x00,0x17,0x7F,0x7F,0xF4,0x00,0x00,0x00,0x00,0x0E,0x6C,0x33,0x30,0x00,
  0x00,0x00,0x00,0x2F,0x7E,0xFF,0xFA,0x20,0x00,0x00,0x00,0x0E,0x6C,0x33,0x30,0x00,
  0x00,0x00,0x00,0x5F,0xBE,0xFF,0xFD,0x00,0x00,0x00,0x00,0x0D,0x6F,0x9B,0x60,0x00,
  0x00,0x00,0x80,0xBF,0xBD,0xFF,0xE0,0x80,0x08,0x00,0x00,0x0D,0x6C,0x1B,0x60,0x00,
  0x00,0x00,0x80,0xBF,0xBD,0xFF,0x9F,0x40,0x08,0x00,0x00,0x0C,0xEC,0x1F,0xE0,0x00,
  0x00,0x00,0x01,0x7F,0x80,0xFF,0x7F,0x40,0x1C,0x00,0x00,0x0C,0xEC,0x0C,0xC0,0x00,
  0x00,0x00,0x81,0x7F,0x7F,0x7E,0xFF,0xA0,0x08,0x00,0x00,0x0C,0x6F,0x8C,0xC0,0x00,
  0x00,0x01,0xC0,0xFE,0xC1,0xBD,0xFF,0xA0,0x08,0x00,0x00,0x00,0x00,0x00,0x00,0x00,
  0x00,0x00,0x82,0xFD,0xBE,0xDB,0xFF,0xDF,0x00,0x00,0x00,0x00,0x00,0x00,0x00,0x00,
  0x00,0x00,0x82,0xFB,0x3E,0x6B,0xFF,0xC0,0xC0,0x00,0x00,0x00,0x00,0x00,0x00,0x00,
  0x00,0x00,0x05,0xFA,0xBD,0xA7,0xFF,0x9F,0x20,0x00,0x0C,0x3E,0xC6,0xFB,0x0D,0xB0,
  0x00,0x00,0x85,0xFA,0xC3,0xA7,0xFF,0x7F,0xD0,0x00,0x0C,0x30,0xC6,0xC3,0x0D,0xB0,
  0x00,0x00,0x05,0xFA,0xDB,0xAF,0xFC,0xFF,0xE8,0x00,0x0C,0x30,0x6C,0xC3,0x0D,0xB0,
  0x00,0x00,0x05,0xFA,0xDB,0xAF,0xF3,0x7F,0xE8,0x00,0x0C,0x3E,0x6C,0xFB,0x0D,0xB0,
  0x00,0x00,0x04,0xFA,0xC3,0xAF,0xE0,0xBE,0x28,0x00,0x0C,0x30,0x6C,0xC3,0x09,0x20,
  0x00,0x00,0x04,0xFA,0xBC,0xAF,0x8F,0x59,0xC8,0x00,0x0C,0x30,0x38,0xC3,0x09,0x20,
  0x00,0x00,0x04,0xFB,0x3F,0x2E,0x7F,0xA7,0xE8,0x00,0x0C,0x30,0x38,0xC3,0x00,0x00,
  0x00,0x00,0x05,0x7D,0xB8,0x21,0xFF,0xDF,0xE8,0x00,0x0F,0xBE,0x10,0xFB,0xED,0xB0,
  0x00,0x00,0x05,0x7E,0xC7,0xCF,0xFF,0xBF,0xD0,0x00,0x00,0x00,0x00,0x00,0x00,0x00,
  0x00,0x00,0x05,0xBF,0x5F,0xEF,0xFF,0x7F,0xD0,0x00,0x00,0x00,0x00,0x00,0x00,0x00,
  0x00,0x00,0x05,0xDF,0xBF,0xFF,0xFC,0xFF,0xA0,0x00,0x00,0x00,0x00,0x00,0x00,0x00,
  0x00,0x00,0x05,0xEF,0xBF,0xFF,0xF3,0xFF,0xA0,0x00,0x00,0x00,0x00,0x00,0x00,0x00,
  0x00,0x00,0x05,0xF7,0xFE,0xFF,0xCF,0xFF,0x40,0x00,0x00,0x00,0x00,0x00,0x00,0x00,
  0x00,0x00,0x05,0xFB,0xFF,0x3E,0x3F,0xFE,0x80,0x00,0x00,0x00,0x00,0x00,0x00,0x00,
  0x00,0x00,0x05,0xFB,0xFF,0xC1,0xFF,0xFD,0x00,0x00,0x00,0x0F,0xFF,0xFF,0xFE,0x00,
  0x00,0x00,0x09,0xFB,0xFF,0xFF,0xFF,0xFA,0x00,0x00,0x00,0x30,0x00,0x00,0x01,0x00,
  0x00,0x00,0x16,0xE7,0xFF,0xFF,0xFF,0xF4,0x00,0x00,0x00,0x4F,0xFF,0xFF,0xFE,0x80,
  0x00,0x00,0x17,0x1F,0xFF,0xFF,0xFF,0xE6,0x00,0x00,0x00,0x9F,0xFF,0xFF,0xFF,0x40,
  0x00,0x00,0x17,0xBF,0xFF,0xFF,0xFF,0xD1,0x00,0x00,0x00,0x9F,0xFF,0xFF,0xFF,0x40,
  0x00,0x00,0x17,0xDF,0xFF,0xFF,0xFF,0xF6,0x80,0x00,0x00,0x9F,0xC6,0xEE,0xFF,0x40,
  0x00,0x00,0x17,0xEF,0xFF,0xFF,0xFF,0xF6,0x80,0x00,0x00,0x9F,0xBA,0xDE,0x7F,0x40,
  0x00,0x02,0x17,0xF3,0xFF,0xFF,0xFF,0xFA,0x80,0x00,0x00,0x9F,0xBA,0xBE,0x3F,0x40,
  0x00,0x00,0x17,0xFC,0xFF,0xFF,0xFF,0xFA,0x80,0x00,0x00,0x9F,0xBA,0x7E,0x1F,0x40,
  0x00,0x00,0x17,0xFD,0x7F,0xFF,0xFF,0xFA,0x84,0x02,0x00,0x9F,0xBA,0xBE,0x3F,0x40,
  0x00,0x00,0x17,0xFD,0xBF,0xFF,0xFF,0xFA,0x80,0x00,0x80,0x9F,0xBA,0xDE,0x7F,0x40,
  0x00,0x00,0x27,0xFD,0xBF,0xFF,0xFF,0xFA,0x80,0x00,0xC0,0x9F,0xC6,0xEE,0xFF,0x40,
  0x00,0x04,0x5B,0xFD,0xBF,0xFF,0xFF,0xF8,0x40,0x00,0x00,0x9F,0xFF,0xFF,0xFF,0x40,
  0x10,0x70,0xBB,0xFD,0xBF,0xFF,0xFF,0xFC,0xA0,0x40,0x00,0x9F,0xFF,0xFF,0xFF,0x40,
  0x00,0xE1,0x7B,0xFD,0xBF,0xFF,0xFF,0xFC,0xD0,0x00,0x00,0x8F,0xFF,0xFF,0xFE,0x80,
  0x00,0x06,0xFB,0xFB,0x7F,0xFF,0xFF,0xFC,0xEC,0x00,0x00,0x40,0x00,0x00,0x01,0x00,
  0x00,0x19,0xFB,0xFB,0x7F,0xFF,0xFF,0xFC,0xF3,0x00,0xE0,0x20,0x00,0x00,0x02,0x00,
  0x00,0x67,0xFB,0xFB,0x7F,0xFF,0xFF,0xFC,0xFC,0xFF,0x10,0x1F,0xFF,0xFF,0xFC,0x00,
  0x7F,0x9F,0xFD,0xF6,0xFF,0xFF,0xFF,0xFD,0xFF,0x00,0xE8,0x00,0x00,0x00,0x00,0x00,
  0x80,0x6F,0xFD,0xF6,0xFF,0xFF,0xFF,0xFD,0xFF,0xDF,0xE8,0x40,0x04,0x00,0x00,0x00,
  0x7F,0xEF,0xFD,0xF5,0xFF,0xFF,0xFF,0xFD,0xFF,0xBF,0xE8,0x38,0x00,0x00,0x00,0x00
};
#define FZI_Levelup2_F8_W 128
#define FZI_Levelup2_F8_H 64

static const uint8_t FZI_Levelup2_F9[1024] PROGMEM = {
  0x00,0x00,0x00,0x00,0x00,0x00,0x00,0x00,0x00,0x00,0x00,0x00,0x00,0x00,0x00,0x00,
  0x00,0x00,0x00,0x00,0x00,0x00,0x00,0x00,0x00,0x00,0x00,0x00,0x00,0x00,0x00,0x00,
  0x00,0x00,0x00,0x00,0x00,0x00,0x00,0x00,0x00,0x00,0x00,0x00,0x00,0x00,0x00,0x00,
  0x00,0x00,0x00,0x00,0x00,0x00,0x00,0x00,0x00,0x00,0x00,0x00,0x00,0x00,0x00,0x00,
  0x00,0x00,0x00,0x00,0x00,0x00,0x00,0x00,0x00,0x00,0x00,0x00,0x00,0x00,0x00,0x00,
  0x00,0x00,0x00,0x00,0x00,0x00,0x00,0x00,0x00,0x00,0x00,0x00,0x00,0x00,0x00,0x00,
  0x00,0x00,0x00,0x00,0x00,0x00,0x00,0x00,0x00,0x00,0x00,0x00,0x00,0x00,0x00,0x00,
  0x00,0x00,0x00,0x00,0x00,0x00,0x00,0x00,0x00,0x00,0x00,0x00,0x00,0x00,0x00,0x00,
  0x00,0x00,0x00,0x00,0x00,0x00,0x00,0x00,0x00,0x00,0x00,0x00,0x00,0x00,0x00,0x00,
  0x00,0x00,0x00,0x00,0x00,0x00,0x00,0x00,0x00,0x00,0x00,0x00,0x00,0x00,0x00,0x00,
  0x00,0x00,0x00,0x00,0x00,0x00,0x00,0x00,0x00,0x00,0x00,0x00,0x00,0x00,0x00,0x00,
  0x00,0x00,0x00,0x00,0x00,0x00,0x00,0x00,0x00,0x00,0x00,0x00,0x00,0x00,0x00,0x00,
  0x00,0x00,0x00,0x00,0x00,0x00,0x08,0x00,0x00,0x00,0x00,0x00,0x00,0x00,0x00,0x00,
  0x00,0x00,0x00,0x00,0x00,0x00,0x08,0x00,0x00,0x00,0x00,0x00,0x00,0x00,0x00,0x00,
  0x00,0x00,0x00,0x00,0x7F,0xF0,0x08,0x00,0x00,0x00,0x00,0x00,0x00,0x00,0x00,0x00,
  0x00,0x01,0x00,0x03,0x80,0x0C,0x3E,0x00,0x00,0x00,0x00,0x00,0x00,0x00,0x00,0x00,
  0x00,0x00,0x00,0x04,0x7F,0xE3,0x08,0x00,0x00,0x00,0x00,0x00,0x00,0x00,0x00,0x00,
  0x00,0x01,0x00,0x19,0xFF,0x9C,0x88,0x00,0x00,0x00,0x00,0x00,0x00,0x00,0x00,0x00,
  0x00,0x01,0x00,0x25,0xFF,0x7F,0x48,0x00,0x00,0x00,0x00,0x0C,0x6F,0xB3,0x30,0x00,
  0x00,0x01,0x00,0x5D,0xFE,0xFF,0xA0,0x00,0x00,0x00,0x00,0x0E,0x6C,0x33,0x30,0x00,
  0x00,0x01,0x00,0xBE,0xFD,0xFF,0xDC,0x00,0x08,0x00,0x00,0x0E,0x6C,0x33,0x30,0x00,
  0x00,0x0B,0xA1,0x7E,0xFD,0xFF,0xE2,0x00,0x08,0x00,0x00,0x0D,0x6F,0x9B,0x60,0x00,
  0x00,0x01,0x02,0xFE,0xFB,0xFF,0x9D,0x00,0x08,0x00,0x00,0x0D,0x6C,0x1B,0x60,0x00,
  0x00,0x01,0x02,0xFF,0x7B,0xFF,0x7E,0x80,0x1C,0x00,0x00,0x0C,0xEC,0x1F,0xE0,0x00,
  0x00,0x01,0x05,0xFF,0x03,0xFE,0xFE,0x80,0x7F,0x00,0x00,0x0C,0xEC,0x0C,0xC0,0x00,
  0x00,0x00,0x05,0xFC,0xFC,0xFC,0xFF,0x40,0x1C,0x00,0x00,0x0C,0x6F,0x8C,0xC0,0x00,
  0x00,0x01,0x0B,0xFB,0x87,0x7B,0x7F,0x40,0x08,0x00,0x00,0x00,0x00,0x00,0x00,0x00,
  0x00,0x00,0x0B,0xF6,0x79,0xB7,0xBF,0xBC,0x08,0x00,0x00,0x00,0x00,0x00,0x00,0x00,
  0x00,0x00,0x0B,0xF4,0xFC,0x8F,0xBF,0xA3,0x08,0x00,0x00,0x00,0x00,0x00,0x00,0x00,
  0x00,0x00,0x17,0xED,0x7A,0xCF,0xDF,0x9C,0x80,0x00,0x0C,0x3E,0xC6,0xFB,0x0D,0xB0,
  0x00,0x00,0x17,0xEB,0x87,0x5F,0xDE,0x7F,0x40,0x00,0x0C,0x30,0xC6,0xC3,0x0D,0xB0,
  0x00,0x00,0x17,0xEB,0xB7,0x5F,0xED,0xFF,0xA0,0x00,0x0C,0x30,0x6C,0xC3,0x0D,0xB0,
  0x00,0x00,0x17,0xEB,0xB7,0x5F,0xE0,0xFF,0xA0,0x00,0x0C,0x3E,0x6C,0xFB,0x0D,0xB0,
  0x00,0x00,0x17,0xEB,0x87,0x5F,0xCF,0x7C,0x20,0x00,0x0C,0x30,0x6C,0xC3,0x09,0x20,
  0x00,0x00,0x23,0xED,0x7A,0xDF,0x01,0xB0,0x20,0x00,0x0C,0x30,0x38,0xC3,0x09,0x20,
  0x00,0x00,0x2D,0xF4,0xF0,0xBC,0xFE,0xC0,0x41,0x00,0x0C,0x30,0x38,0xC3,0x00,0x00,
  0x00,0x00,0x2E,0xF6,0x4F,0x03,0xFF,0x00,0x83,0x80,0x0F,0xBE,0x10,0xFB,0xED,0xB0,
  0x00,0x00,0x2F,0x7B,0xBF,0xDF,0xFF,0x01,0x01,0x00,0x00,0x00,0x00,0x00,0x00,0x00,
  0x00,0x00,0x2F,0xBC,0x7F,0xFF,0xFE,0x02,0x00,0x00,0x00,0x00,0x00,0x00,0x00,0x00,
  0x00,0x00,0x2F,0xDF,0x7F,0xFF,0xF8,0x04,0x00,0x00,0x00,0x00,0x00,0x00,0x00,0x00,
  0x00,0x10,0x2F,0xEF,0x7F,0xFF,0xE0,0x08,0x00,0x00,0x00,0x00,0x00,0x00,0x00,0x00,
  0x00,0x10,0x2F,0xEF,0xFD,0xFF,0x8C,0x3F,0x80,0x00,0x00,0x00,0x00,0x00,0x00,0x00,
  0x00,0x38,0x2F,0xEF,0xFE,0x7C,0x3F,0x00,0x40,0x00,0x00,0x00,0x00,0x00,0x00,0x00,
  0x00,0x10,0x4F,0xDF,0xFF,0x80,0x7F,0xF0,0x20,0x00,0x00,0x0F,0xFF,0xFF,0xFE,0x00,
  0x00,0x10,0xB7,0xBF,0xFF,0xFF,0x80,0x0F,0xA0,0x00,0x00,0x30,0x00,0x00,0x01,0x00,
  0x00,0x00,0xBB,0x7F,0xFF,0xFF,0xFF,0xFF,0xA0,0x00,0x00,0x4F,0xFF,0xFF,0xFE,0x80,
  0x00,0x00,0xBC,0xFF,0xFF,0xFF,0xFF,0xFF,0x20,0x00,0x00,0x9F,0xFF,0xFF,0xFF,0x40,
  0x00,0x00,0xBF,0x3F,0xFF,0xFF,0xFF,0xFC,0xC0,0x00,0x00,0x9F,0xFF,0xFF,0xFF,0x40,
  0x00,0x00,0xBF,0xCF,0xFF,0xFF,0xFF,0xF3,0x00,0x00,0x00,0x9F,0xC6,0xEE,0xFF,0x40,
  0x00,0x00,0xBF,0xF3,0xFF,0xFF,0xFF,0x8C,0x00,0x00,0x00,0x9F,0xBA,0xDE,0x7F,0x40,
  0x00,0x00,0xBF,0xFC,0xFF,0xFF,0xFC,0x20,0x00,0x00,0x00,0x9F,0xBA,0xBE,0x3F,0x40,
  0x00,0x00,0xBF,0xFF,0x3F,0xFF,0xC0,0x20,0x00,0x00,0x00,0x9F,0xBA,0x7E,0x1F,0x40,
  0x00,0x00,0xBF,0xFF,0x8F,0xFF,0xE0,0x20,0x00,0x00,0x00,0x9F,0xBA,0xBE,0x3F,0x40,
  0x00,0x00,0xBF,0xFF,0xB7,0xFF,0xF8,0x50,0x00,0x00,0x00,0x9F,0xBA,0xDE,0x7F,0x40,
  0x00,0x00,0xBF,0xFF,0xB7,0xFF,0xFF,0xD0,0x00,0x00,0x00,0x9F,0xC6,0xEE,0xFF,0x40,
  0x00,0x00,0xA3,0xFF,0x6F,0xFF,0xFF,0xC8,0x00,0x00,0x00,0x9F,0xFF,0xFF,0xFF,0x40,
  0x00,0x00,0x9D,0xFF,0x6F,0xFF,0xFF,0xC8,0x00,0x00,0x00,0x9F,0xFF,0xFF,0xFF,0x40,
  0x00,0x01,0x7E,0xFF,0x5F,0xFF,0xFF,0xE4,0x00,0x00,0x00,0x8F,0xFF,0xFF,0xFE,0x80,
  0x00,0x01,0x7F,0x7E,0xDF,0xFF,0xFF,0xE4,0x00,0x00,0x00,0x40,0x00,0x00,0x01,0x00,
  0x00,0x02,0xFF,0xBE,0xBF,0xFF,0xFF,0xEA,0x00,0x00,0x00,0x20,0x00,0x00,0x02,0x00,
  0x00,0x02,0xFF,0xDD,0xBF,0xFF,0xFF,0xEA,0x00,0x00,0x00,0x1F,0xFF,0xFF,0xFC,0x00,
  0x00,0x05,0xFF,0xDD,0x7F,0xFF,0xFF,0xED,0x00,0x00,0x00,0x00,0x00,0x00,0x00,0x00,
  0x00,0x0B,0xFF,0xEB,0x7F,0xFF,0xFF,0xEE,0x80,0x00,0x00,0x00,0x00,0x00,0x00,0x00,
  0x00,0x17,0xFF,0xEA,0xFF,0xFF,0xFF,0xEF,0x40,0x00,0x00,0x00,0x00,0x00,0x00,0x00
};
#define FZI_Levelup2_F9_W 128
#define FZI_Levelup2_F9_H 64

static const uint8_t FZI_Levelup2_F10[1024] PROGMEM = {
  0x00,0x00,0x00,0x00,0x00,0x00,0x00,0x00,0x00,0x00,0x00,0x00,0x00,0x00,0x00,0x00,
  0x00,0x00,0x00,0x00,0x00,0x00,0x00,0x00,0x00,0x00,0x00,0x00,0x00,0x00,0x00,0x00,
  0x00,0x00,0x00,0x00,0x00,0x00,0x00,0x00,0x00,0x00,0x00,0x00,0x00,0x00,0x00,0x00,
  0x00,0x00,0x00,0x00,0x00,0x00,0x00,0x00,0x00,0x00,0x00,0x00,0x00,0x00,0x00,0x00,
  0x00,0x00,0x00,0x00,0x00,0x00,0x00,0x00,0x00,0x00,0x00,0x00,0x00,0x00,0x00,0x00,
  0x00,0x00,0x00,0x00,0x00,0x00,0x00,0x00,0x00,0x00,0x00,0x00,0x00,0x00,0x00,0x00,
  0x00,0x00,0x00,0x00,0x00,0x00,0x00,0x00,0x00,0x00,0x00,0x00,0x00,0x00,0x00,0x00,
  0x00,0x00,0x00,0x00,0x00,0x00,0x00,0x00,0x00,0x00,0x00,0x00,0x00,0x00,0x00,0x00,
  0x00,0x00,0x00,0x00,0x00,0x00,0x00,0x00,0x00,0x00,0x00,0x00,0x00,0x00,0x00,0x00,
  0x00,0x00,0x00,0x00,0x00,0x00,0x00,0x00,0x00,0x00,0x00,0x00,0x00,0x00,0x00,0x00,
  0x00,0x00,0x00,0x00,0x00,0x00,0x00,0x00,0x00,0x00,0x00,0x00,0x00,0x00,0x00,0x00,
  0x00,0x00,0x00,0x00,0x00,0x00,0x00,0x00,0x00,0x00,0x00,0x00,0x00,0x00,0x00,0x00,
  0x00,0x00,0x00,0x00,0x00,0x00,0x00,0x00,0x00,0x00,0x00,0x00,0x00,0x00,0x00,0x00,
  0x00,0x00,0x00,0x00,0x00,0x00,0x08,0x00,0x00,0x00,0x00,0x00,0x00,0x00,0x00,0x00,
  0x00,0x00,0x00,0x00,0x7F,0xF0,0x08,0x00,0x00,0x00,0x00,0x00,0x00,0x00,0x00,0x00,
  0x00,0x00,0x00,0x03,0x80,0x0C,0x1C,0x00,0x00,0x00,0x00,0x00,0x00,0x00,0x00,0x00,
  0x00,0x00,0x00,0x04,0x7F,0xE3,0x08,0x00,0x00,0x00,0x00,0x00,0x00,0x00,0x00,0x00,
  0x00,0x00,0x00,0x19,0xFF,0x9C,0x88,0x00,0x00,0x00,0x00,0x00,0x00,0x00,0x00,0x00,
  0x00,0x00,0x00,0x25,0xFF,0x7F,0x40,0x00,0x08,0x00,0x00,0x0C,0x6F,0xB3,0x30,0x00,
  0x00,0x01,0x00,0x5D,0xFE,0xFF,0xA0,0x00,0x00,0x00,0x00,0x0E,0x6C,0x33,0x30,0x00,
  0x00,0x01,0x00,0xBE,0xFD,0xFF,0xDC,0x00,0x08,0x00,0x00,0x0E,0x6C,0x33,0x30,0x00,
  0x00,0x03,0x81,0x7E,0xFD,0xFF,0xE2,0x00,0x08,0x00,0x00,0x0D,0x6F,0x9B,0x60,0x00,
  0x00,0x01,0x02,0xFE,0xFB,0xFF,0x9D,0x00,0x1C,0x00,0x00,0x0D,0x6C,0x1B,0x60,0x00,
  0x00,0x01,0x02,0xFF,0x7B,0xFF,0x7E,0x80,0x2A,0x00,0x00,0x0C,0xEC,0x1F,0xE0,0x00,
  0x00,0x00,0x05,0xFF,0x03,0xFE,0xFE,0x81,0x77,0x40,0x00,0x0C,0xEC,0x0C,0xC0,0x00,
  0x00,0x00,0x05,0xFC,0xFC,0xFC,0xFF,0x40,0x2A,0x00,0x00,0x0C,0x6F,0x8C,0xC0,0x00,
  0x00,0x00,0x0B,0xFB,0x87,0x7B,0x7F,0x40,0x1C,0x00,0x00,0x00,0x00,0x00,0x00,0x00,
  0x00,0x00,0x0B,0xF6,0x79,0xB7,0xBF,0xBC,0x08,0x00,0x00,0x00,0x00,0x00,0x00,0x00,
  0x00,0x80,0x0B,0xF4,0xFC,0x8F,0xBF,0xA3,0x00,0x00,0x00,0x00,0x00,0x00,0x00,0x00,
  0x00,0x00,0x17,0xED,0x7A,0xCF,0xDF,0x9C,0x88,0x00,0x0C,0x3E,0xC6,0xFB,0x0D,0xB0,
  0x00,0x80,0x17,0xEB,0x87,0x5F,0xDE,0x7F,0x40,0x00,0x0C,0x30,0xC6,0xC3,0x0D,0xB0,
  0x00,0x80,0x17,0xEB,0xB7,0x5F,0xED,0xFF,0xA0,0x00,0x0C,0x30,0x6C,0xC3,0x0D,0xB0,
  0x00,0x80,0x17,0xEB,0xB7,0x5F,0xE0,0xFF,0xA0,0x00,0x0C,0x3E,0x6C,0xFB,0x0D,0xB0,
  0x05,0xD0,0x17,0xEB,0x87,0x5F,0xCF,0x7C,0x20,0x00,0x0C,0x30,0x6C,0xC3,0x09,0x20,
  0x00,0x80,0x23,0xED,0x7A,0xDF,0x01,0xB0,0x20,0x00,0x0C,0x30,0x38,0xC3,0x09,0x20,
  0x00,0x80,0x2D,0xF4,0xF0,0xBC,0xFE,0xC0,0x40,0x00,0x0C,0x30,0x38,0xC3,0x00,0x00,
  0x00,0x00,0x2E,0xF6,0x4F,0x03,0xFF,0x00,0x80,0x00,0x0F,0xBE,0x10,0xFB,0xED,0xB0,
  0x00,0x80,0x2F,0x7B,0xBF,0xDF,0xFF,0x01,0x00,0x00,0x00,0x00,0x00,0x00,0x00,0x00,
  0x00,0x00,0x2F,0xBC,0x7F,0xFF,0xFE,0x02,0x00,0x00,0x00,0x00,0x00,0x00,0x00,0x00,
  0x00,0x00,0x2F,0xDF,0x7F,0xFF,0xF8,0x04,0x00,0x00,0x00,0x00,0x00,0x00,0x00,0x00,
  0x00,0x00,0x2F,0xEF,0x7F,0xFF,0xE0,0x08,0x00,0x00,0x00,0x00,0x00,0x00,0x00,0x00,
  0x00,0x00,0x2F,0xEF,0xFD,0xFF,0x8C,0x3F,0x80,0x00,0x00,0x00,0x00,0x00,0x00,0x00,
  0x00,0x10,0x2F,0xEF,0xFE,0x7C,0x3F,0x00,0x40,0x00,0x00,0x00,0x00,0x00,0x00,0x00,
  0x00,0x00,0x4F,0xDF,0xFF,0x80,0x7F,0xF0,0x20,0x00,0x00,0x0F,0xFF,0xFF,0xFE,0x00,
  0x00,0x00,0xB7,0xBF,0xFF,0xFF,0x80,0x0F,0xA0,0x00,0x00,0x30,0x00,0x00,0x01,0x00,
  0x00,0x00,0xBB,0x7F,0xFF,0xFF,0xFF,0xFF,0xA0,0x00,0x00,0x4F,0xFF,0xFF,0xFE,0x80,
  0x00,0x00,0xBC,0xFF,0xFF,0xFF,0xFF,0xFF,0x20,0x00,0x00,0x9F,0xFF,0xFF,0xFF,0x40,
  0x00,0x00,0xBF,0x3F,0xFF,0xFF,0xFF,0xFC,0xC0,0x00,0x00,0x9F,0xFF,0xFF,0xFF,0x40,
  0x00,0x00,0xBF,0xCF,0xFF,0xFF,0xFF,0xF3,0x01,0x00,0x00,0x9F,0xC6,0xEE,0xFF,0x40,
  0x00,0x00,0xBF,0xF3,0xFF,0xFF,0xFF,0x8C,0x01,0x00,0x00,0x9F,0xBA,0xDE,0x7F,0x40,
  0x00,0x00,0xBF,0xFC,0xFF,0xFF,0xFC,0x20,0x03,0x80,0x00,0x9F,0xBA,0xBE,0x3F,0x40,
  0x00,0x00,0xBF,0xFF,0x3F,0xFF,0xC0,0x20,0x01,0x00,0x00,0x9F,0xBA,0x7E,0x1F,0x40,
  0x00,0x00,0xBF,0xFF,0x8F,0xFF,0xE0,0x20,0x01,0x00,0x00,0x9F,0xBA,0xBE,0x3F,0x40,
  0x00,0x00,0xBF,0xFF,0xB7,0xFF,0xF8,0x50,0x00,0x00,0x00,0x9F,0xBA,0xDE,0x7F,0x40,
  0x00,0x00,0xBF,0xFF,0xB7,0xFF,0xFF,0xD0,0x00,0x00,0x00,0x9F,0xC6,0xEE,0xFF,0x40,
  0x00,0x00,0xA3,0xFF,0x6F,0xFF,0xFF,0xC8,0x00,0x00,0x00,0x9F,0xFF,0xFF,0xFF,0x40,
  0x00,0x00,0x9D,0xFF,0x6F,0xFF,0xFF,0xC8,0x00,0x00,0x00,0x9F,0xFF,0xFF,0xFF,0x40,
  0x00,0x01,0x7E,0xFF,0x5F,0xFF,0xFF,0xE4,0x00,0x00,0x00,0x8F,0xFF,0xFF,0xFE,0x80,
  0x00,0x01,0x7F,0x7E,0xDF,0xFF,0xFF,0xE4,0x00,0x00,0x00,0x40,0x00,0x00,0x01,0x00,
  0x00,0x02,0xFF,0xBE,0xBF,0xFF,0xFF,0xEA,0x00,0x00,0x00,0x20,0x00,0x00,0x02,0x00,
  0x00,0x02,0xFF,0xDD,0xBF,0xFF,0xFF,0xEA,0x00,0x00,0x00,0x1F,0xFF,0xFF,0xFC,0x00,
  0x00,0x05,0xFF,0xDD,0x7F,0xFF,0xFF,0xED,0x00,0x00,0x00,0x00,0x00,0x00,0x00,0x00,
  0x00,0x0B,0xFF,0xEB,0x7F,0xFF,0xFF,0xEE,0x80,0x00,0x00,0x00,0x00,0x00,0x00,0x00,
  0x00,0x17,0xFF,0xEA,0xFF,0xFF,0xFF,0xEF,0x40,0x00,0x00,0x00,0x00,0x00,0x00,0x00
};
#define FZI_Levelup2_F10_W 128
#define FZI_Levelup2_F10_H 64

static const uint8_t* const FZI_Levelup2_FRAMES[11] PROGMEM = {
  FZI_Levelup2_F0,
  FZI_Levelup2_F1,
  FZI_Levelup2_F2,
  FZI_Levelup2_F3,
  FZI_Levelup2_F4,
  FZI_Levelup2_F5,
  FZI_Levelup2_F6,
  FZI_Levelup2_F7,
  FZI_Levelup2_F8,
  FZI_Levelup2_F9,
  FZI_Levelup2_F10
};
#define FZI_Levelup2_W 128
#define FZI_Levelup2_H 64
#define FZI_Levelup2_FRAMES_COUNT 11



// ---- WiFi / BadUSB / IR Ikonlari ----
static const uint8_t FZI_EviSmile1[63] PROGMEM = {
  0xCF,0xFC,0xC0,0x9F,0xFE,0x40,0x1F,0xFE,0x00,0x0C,0x0C,0x00,0x00,0x00,0x00,0x00,
  0x00,0x00,0x80,0x00,0x40,0x80,0x00,0x40,0x80,0x00,0x40,0x10,0x02,0x00,0x18,0x06,
  0x00,0x1C,0x0E,0x00,0x1E,0x1E,0x00,0x0E,0x1C,0x00,0x00,0x00,0x00,0x80,0x00,0x40,
  0x84,0x08,0x40,0xC2,0xD0,0xC0,0xE1,0xE1,0xC0,0xF0,0x03,0xC0,0xFC,0x0F,0xC0
};
#define FZI_EviSmile1_W 18
#define FZI_EviSmile1_H 21

static const uint8_t FZI_EviSmile2[63] PROGMEM = {
  0xFF,0xFF,0xC0,0x8F,0xFC,0x40,0x1F,0xFE,0x00,0x0C,0x0C,0x00,0x00,0x00,0x00,0x00,
  0x00,0x00,0x80,0x00,0x40,0x80,0x00,0x40,0x80,0x00,0x40,0x18,0x06,0x00,0x1C,0x0E,
  0x00,0x1E,0x1E,0x00,0x0E,0x1C,0x00,0x00,0x00,0x00,0x00,0x00,0x00,0x8C,0xCC,0x40,
  0x86,0xD8,0x40,0xC3,0xF0,0xC0,0xE0,0x01,0xC0,0xF0,0x03,0xC0,0xFC,0x0F,0xC0
};
#define FZI_EviSmile2_W 18
#define FZI_EviSmile2_H 21

static const uint8_t FZI_EviWaiting1[63] PROGMEM = {
  0xCF,0xFC,0xC0,0x9F,0xFE,0x40,0x1F,0xFE,0x00,0x0C,0x0C,0x00,0x00,0x00,0x00,0x00,
  0x00,0x00,0x80,0x00,0x40,0x80,0x00,0x40,0x80,0x00,0x40,0x00,0x00,0x00,0x12,0x0A,
  0x00,0x02,0x02,0x00,0x06,0x06,0x00,0x1C,0x1C,0x00,0x00,0x00,0x00,0x80,0x00,0x40,
  0x80,0x00,0x40,0xC0,0x00,0xC0,0xE0,0x01,0xC0,0xF0,0x03,0xC0,0xFC,0x0F,0xC0
};
#define FZI_EviWaiting1_W 18
#define FZI_EviWaiting1_H 21

static const uint8_t FZI_EviWaiting2[63] PROGMEM = {
  0xCF,0xFC,0xC0,0x9F,0xFE,0x40,0x1F,0xFE,0x00,0x0C,0x0C,0x00,0x00,0x00,0x00,0x00,
  0x00,0x00,0x80,0x00,0x40,0x80,0x00,0x40,0x80,0x00,0x40,0x00,0x00,0x00,0x14,0x12,
  0x00,0x10,0x10,0x00,0x10,0x10,0x00,0x0E,0x0E,0x00,0x00,0x00,0x00,0x80,0x00,0x40,
  0x80,0x00,0x40,0xC0,0x00,0xC0,0xE0,0x01,0xC0,0xF0,0x03,0xC0,0xFC,0x0F,0xC0
};
#define FZI_EviWaiting2_W 18
#define FZI_EviWaiting2_H 21

static const uint8_t FZI_UsbTree[132] PROGMEM = {
  0xFF,0xFF,0xFF,0x0F,0xFF,0xFF,0xFF,0xFF,0xFE,0x07,0xFF,0xFF,0xFF,0xFE,0x00,0x07,
  0xFF,0xFF,0xFF,0xFE,0x00,0x07,0xFF,0xFF,0xFF,0xF9,0xFE,0x07,0xFF,0xFF,0xFF,0xF9,
  0xFF,0x0F,0xFF,0xFF,0xFF,0xE7,0xFF,0xFF,0xFF,0xFF,0xFF,0xE7,0xFF,0xFF,0xFF,0xBF,
  0xFF,0x9F,0xFF,0xFF,0xFF,0x8F,0xFF,0x9F,0xFF,0xFF,0xFF,0x83,0x00,0x00,0x00,0x00,
  0x00,0x00,0x00,0x00,0x00,0x00,0x00,0x00,0xFF,0xF9,0xFF,0xFF,0xFF,0x83,0xFF,0xF9,
  0xFF,0xFF,0xFF,0x8F,0xFF,0xFE,0x7F,0xFF,0xFF,0xBF,0xFF,0xFE,0x7F,0xFF,0xFF,0xFF,
  0xFF,0xFF,0x9F,0xF0,0x3F,0xFF,0xFF,0xFF,0x9F,0xF0,0x3F,0xFF,0xFF,0xFF,0xE0,0x00,
  0x3F,0xFF,0xFF,0xFF,0xE0,0x00,0x3F,0xFF,0xFF,0xFF,0xFF,0xF0,0x3F,0xFF,0xFF,0xFF,
  0xFF,0xF0,0x3F,0xFF
};
#define FZI_UsbTree_W 48
#define FZI_UsbTree_H 22

static const uint8_t FZI_ActiveConn[448] PROGMEM = {
  0x80,0x3F,0xFF,0x80,0x00,0x00,0xC0,0x60,0xDF,0xFF,0xBF,0xFF,0xFE,0xC0,0x7F,0xDF,
  0xFF,0xA0,0x00,0x02,0xC0,0x7F,0xDF,0xFF,0xAA,0x07,0xF2,0xC0,0x7F,0xDF,0xFF,0xA0,
  0x0C,0x4A,0xC0,0x7F,0xDF,0xFF,0xAD,0xDC,0x4A,0xC0,0x7B,0xDF,0xFF,0xA0,0x0F,0xFA,
  0xC0,0x69,0xDF,0xFF,0xAD,0xC0,0x02,0xC0,0x72,0xDF,0xFF,0xA0,0x07,0xF2,0xC0,0x79,
  0xDF,0xFF,0xA9,0x87,0xF2,0xC0,0x79,0xDF,0xFF,0xA0,0x00,0x02,0xC0,0x72,0xDF,0xFF,
  0xBF,0xFF,0xFE,0xC0,0x69,0xDF,0xFF,0x80,0x00,0x00,0xC0,0x7B,0xDF,0xFF,0xAA,0xAA,
  0xAA,0xC0,0x7F,0xDF,0xFF,0x40,0x00,0x01,0x40,0x7F,0xDF,0xFF,0x55,0x7F,0x55,0x40,
  0x7F,0xDF,0xFE,0xC0,0x00,0x01,0x80,0x7F,0xDF,0xFE,0xFF,0xFF,0xFF,0x80,0x7F,0xDF,
  0xFE,0x00,0x00,0x00,0x00,0x80,0x3F,0xFF,0x00,0x00,0x00,0x40,0xFF,0xFF,0xFF,0xFF,
  0xFF,0xFF,0xC0,0xFD,0xFF,0xFF,0xFF,0xF7,0xFF,0xC0,0xFF,0xFF,0xFF,0xFF,0xFF,0xFF,
  0xC0,0xFF,0x7F,0xFF,0xFF,0xDF,0xFF,0xC0,0xFF,0xFF,0xFF,0xFF,0xFF,0xFF,0xC0,0xFF,
  0xDF,0xFF,0xFF,0x7F,0xFF,0xC0,0xFF,0xFF,0xFF,0xFF,0xFF,0xFF,0xC0,0xFF,0xF7,0xFF,
  0xFD,0xFF,0xFF,0xC0,0xFF,0xFF,0xFF,0xFF,0xFF,0xFF,0xC0,0xFF,0xFD,0x1F,0x17,0xFF,
  0xFF,0xC0,0xFF,0xFF,0x4E,0x5F,0xFF,0xFF,0xC0,0xFF,0xFF,0x24,0x9F,0xFF,0xFF,0xC0,
  0xFF,0xFF,0x91,0x3F,0xFF,0xFF,0xC0,0xFF,0xFF,0xCA,0x7F,0xFF,0xFF,0xC0,0xFF,0xFF,
  0xE4,0xFF,0xFF,0xFF,0xC0,0xFF,0xFF,0xCA,0x7F,0xFF,0xFF,0xC0,0xFF,0xFF,0x91,0x3F,
  0xFF,0xFF,0xC0,0xFF,0xFF,0x24,0x9F,0xFF,0xFF,0xC0,0xFF,0xFF,0x4E,0x5F,0xFF,0xFF,
  0xC0,0xFF,0xFF,0x1B,0x1F,0xFF,0xFF,0xC0,0xFF,0xFF,0xFF,0xFF,0xFF,0xFF,0xC0,0xFF,
  0xFF,0xFB,0xFF,0xFF,0xFF,0xC0,0xFF,0xFF,0xFF,0xFF,0xFF,0xFF,0xC0,0xFF,0xFF,0xFB,
  0xFF,0xFF,0xFF,0xC0,0xFF,0xFF,0xFF,0xFF,0xFF,0xFF,0xC0,0xFF,0xFF,0xFB,0xFF,0xFF,
  0xFF,0xC0,0xFF,0xFF,0xFF,0xFF,0xFF,0xFF,0xC0,0xFF,0xE0,0x00,0x00,0x00,0x7F,0xC0,
  0xFF,0xDF,0xFF,0xFF,0xFF,0xBF,0xC0,0xFF,0xBC,0x00,0x07,0xFF,0xDF,0xC0,0xFF,0x7B,
  0xFF,0xFB,0xC3,0xEF,0xC0,0xFE,0xFB,0x1F,0x1B,0x81,0xF7,0xC0,0xFD,0xFA,0xAE,0xEB,
  0x00,0xFB,0xC0,0xFB,0xFA,0x8E,0x2B,0x00,0xFB,0xC0,0xF7,0xFA,0xEE,0xAB,0x00,0xFB,
  0xC0,0xF7,0xFB,0x1F,0x1B,0x00,0xFB,0xC0,0xF7,0xFB,0xF1,0xFB,0x81,0x9B,0xC0,0xF7,
  0xFB,0xFF,0xFB,0xC3,0x9B,0xC0,0xFB,0xFC,0x00,0x06,0xFF,0xFB,0xC0,0xFD,0xFF,0xFF,
  0xFF,0xFF,0xFB,0xC0,0xFE,0xFF,0xFF,0xFF,0xFF,0xFB,0xC0,0xFF,0x7F,0xFF,0xFF,0xFF,
  0xFB,0xC0,0xFF,0xBF,0xFF,0xFF,0xFF,0xF7,0xC0,0xFF,0xC0,0x00,0x00,0x00,0x0F,0xC0
};
#define FZI_ActiveConn_W 50
#define FZI_ActiveConn_H 64

static const uint8_t FZI_Warning[92] PROGMEM = {
  0xFF,0xFC,0xFF,0xFC,0xFF,0xF8,0x7F,0xFC,0xFF,0xF0,0x3F,0xFC,0xFF,0xF0,0x3F,0xFC,
  0xFF,0xE0,0x1F,0xFC,0xFF,0xC3,0x0F,0xFC,0xFF,0xC3,0x0F,0xFC,0xFF,0x83,0x07,0xFC,
  0xFF,0x03,0x03,0xFC,0xFF,0x03,0x03,0xFC,0xFE,0x03,0x01,0xFC,0xFC,0x03,0x00,0xFC,
  0xFC,0x03,0x00,0xFC,0xF8,0x03,0x00,0x7C,0xF0,0x03,0x00,0x3C,0xF0,0x03,0x00,0x3C,
  0xE0,0x03,0x00,0x1C,0xC0,0x00,0x00,0x0C,0xC0,0x00,0x00,0x0C,0x80,0x03,0x00,0x04,
  0x00,0x03,0x00,0x00,0x00,0x00,0x00,0x00,0x80,0x00,0x00,0x04
};
#define FZI_Warning_W 30
#define FZI_Warning_H 23

// Operasyon ekrani ikonu secimi
enum class FzOpIcon : uint8_t {
    DolphinDone        = 0,
    DolphinReadOK      = 1,
    DolphinSaved       = 2,
    DolphinSuccess     = 3,
    DolphinWait        = 4,
    DolphinMafia       = 5,
    DolphinWarning     = 6,
    DolphinWarningFlip = 7,
    RFIDReceive        = 8,
    RFIDSend           = 9,
    RFIDChip           = 10,
    NFCEmulate         = 11,
    NFCMove            = 12,
    NFCManual          = 13,
    NFCReader          = 14,
    SubGhzScan         = 15,
    BLEPairing         = 16,
    IRLearn            = 17,
    _COUNT             = 18,
    // WiFi / BadUSB / IR
    EviSmile1          = 18,
    EviSmile2          = 19,
    EviWaiting1        = 20,
    EviWaiting2        = 21,
    UsbTree            = 22,
    ActiveConn         = 23,
    FZWarning          = 24,
    _COUNT2            = 25
};

// Icon lookup tablesi
struct FzIconInfo {
    const uint8_t* bmp;
    uint8_t        w;
    uint8_t        h;
};

// showOpScreen() yardimci fonksiyon prototipi
// Tanim: M5SharkinoCC1101mSD.ino icinde
extern void showOpScreen(FzOpIcon icon, const char* msg = nullptr, uint32_t ms = 0);
extern void showOpScreenAnim(const uint8_t* const* frames, uint8_t count,
                              uint8_t w, uint8_t h, uint32_t total_ms);
extern void playLevelUpAnim(uint8_t which);  // which: 1 veya 2

static const FzIconInfo FZ_ICON_TABLE[] PROGMEM = {
  {FZI_DolphinDone, FZI_DolphinDone_W, FZI_DolphinDone_H},
  {FZI_DolphinReadOK, FZI_DolphinReadOK_W, FZI_DolphinReadOK_H},
  {FZI_DolphinSaved, FZI_DolphinSaved_W, FZI_DolphinSaved_H},
  {FZI_DolphinSuccess, FZI_DolphinSuccess_W, FZI_DolphinSuccess_H},
  {FZI_DolphinWait, FZI_DolphinWait_W, FZI_DolphinWait_H},
  {FZI_DolphinMafia, FZI_DolphinMafia_W, FZI_DolphinMafia_H},
  {FZI_DolphinWarning, FZI_DolphinWarning_W, FZI_DolphinWarning_H},
  {FZI_DolphinWarningFlip, FZI_DolphinWarningFlip_W, FZI_DolphinWarningFlip_H},
  {FZI_RFIDReceive, FZI_RFIDReceive_W, FZI_RFIDReceive_H},
  {FZI_RFIDSend, FZI_RFIDSend_W, FZI_RFIDSend_H},
  {FZI_RFIDChip, FZI_RFIDChip_W, FZI_RFIDChip_H},
  {FZI_NFCEmulate, FZI_NFCEmulate_W, FZI_NFCEmulate_H},
  {FZI_NFCMove, FZI_NFCMove_W, FZI_NFCMove_H},
  {FZI_NFCManual, FZI_NFCManual_W, FZI_NFCManual_H},
  {FZI_NFCReader, FZI_NFCReader_W, FZI_NFCReader_H},
  {FZI_SubGhzScan, FZI_SubGhzScan_W, FZI_SubGhzScan_H},
  {FZI_BLEPairing, FZI_BLEPairing_W, FZI_BLEPairing_H},
  {FZI_IRLearn, FZI_IRLearn_W, FZI_IRLearn_H},
  {FZI_EviSmile1, FZI_EviSmile1_W, FZI_EviSmile1_H},
  {FZI_EviSmile2, FZI_EviSmile2_W, FZI_EviSmile2_H},
  {FZI_EviWaiting1, FZI_EviWaiting1_W, FZI_EviWaiting1_H},
  {FZI_EviWaiting2, FZI_EviWaiting2_W, FZI_EviWaiting2_H},
  {FZI_UsbTree, FZI_UsbTree_W, FZI_UsbTree_H},
  {FZI_ActiveConn, FZI_ActiveConn_W, FZI_ActiveConn_H},
  {FZI_Warning, FZI_Warning_W, FZI_Warning_H},
};
#define FZ_ICON_COUNT 25
